race_id,race_url,place,tsTeam,tsTeam_url,point,wind,heat
472924,https://ca.milesplit.com/meets/248251-43rd-annual-bell-jeffloyola-invitational-2016/results/472924/formatted/,1,Immaculate Heart (SS),https://ca.milesplit.com/teams/17146-immaculate-heart-ss,50,5+6+9+10+20  (28+30),2:13 1-5 Split | 23:03 Avg
472924,https://ca.milesplit.com/meets/248251-43rd-annual-bell-jeffloyola-invitational-2016/results/472924/formatted/,2,Palisades Charter (LA),https://ca.milesplit.com/teams/17488-palisades-charter-la,77,4+11+14+21+27  (41+65),2:48 1-5 Split | 23:43 Avg
472924,https://ca.milesplit.com/meets/248251-43rd-annual-bell-jeffloyola-invitational-2016/results/472924/formatted/,3,Quartz Hill (SS),https://ca.milesplit.com/teams/17551-quartz-hill-ss,89,1+7+8+26+47  (48+61),6:31 1-5 Split | 23:11 Avg
472924,https://ca.milesplit.com/meets/248251-43rd-annual-bell-jeffloyola-invitational-2016/results/472924/formatted/,4,Arroyo (SS),https://ca.milesplit.com/teams/15852-arroyo-ss,110,2+15+19+29+45  (46+63),4:58 1-5 Split | 24:02 Avg
472924,https://ca.milesplit.com/meets/248251-43rd-annual-bell-jeffloyola-invitational-2016/results/472924/formatted/,5,Fillmore (SS),https://ca.milesplit.com/teams/17015-fillmore-ss,125,3+13+33+37+39  (49),4:34 1-5 Split | 24:21 Avg
472924,https://ca.milesplit.com/meets/248251-43rd-annual-bell-jeffloyola-invitational-2016/results/472924/formatted/,6,Shafter (CS),https://ca.milesplit.com/teams/15939-shafter-cs,137,17+18+24+36+42  (54+62),1:55 1-5 Split | 24:54 Avg
472924,https://ca.milesplit.com/meets/248251-43rd-annual-bell-jeffloyola-invitational-2016/results/472924/formatted/,7,El Camino Real Charter (LA),https://ca.milesplit.com/teams/17959-el-camino-real-charter-la,178,23+31+32+40+52  (58),1:56 1-5 Split | 25:27 Avg
472924,https://ca.milesplit.com/meets/248251-43rd-annual-bell-jeffloyola-invitational-2016/results/472924/formatted/,8,Foothill - Bakersfield (CS),https://ca.milesplit.com/teams/12183-foothill-bakersfield-cs,200,25+34+35+50+56  (57+60),1:54 1-5 Split | 25:49 Avg
472924,https://ca.milesplit.com/meets/248251-43rd-annual-bell-jeffloyola-invitational-2016/results/472924/formatted/,9,Marshall (John) (LA),https://ca.milesplit.com/teams/17304-marshall-john-la,238,16+43+51+59+69,7:38 1-5 Split | 27:00 Avg
472924,https://ca.milesplit.com/meets/248251-43rd-annual-bell-jeffloyola-invitational-2016/results/472924/formatted/,10,Eagle Rock (LA),https://ca.milesplit.com/teams/16959-eagle-rock-la,244,22+38+53+64+67  (70+76),5:17 1-5 Split | 26:54 Avg
472924,https://ca.milesplit.com/meets/248251-43rd-annual-bell-jeffloyola-invitational-2016/results/472924/formatted/,11,Mountain View (SS),https://ca.milesplit.com/teams/17387-mountain-view-ss,249,12+44+55+66+72  (73),8:59 1-5 Split | 27:22 Avg
472924,https://ca.milesplit.com/meets/248251-43rd-annual-bell-jeffloyola-invitational-2016/results/472924/formatted/,12,Pomona (SS),https://ca.milesplit.com/teams/14615-pomona-ss,365,68+71+74+75+77,6:31 1-5 Split | 33:52 Avg
469531,https://ca.milesplit.com/meets/252574-sunbelt-league-cluster-1-2016/results/469531/formatted/,1,Paloma Valley (SS),https://ca.milesplit.com/teams/17495-paloma-valley-ss,26,1+3+4+8+10  (15+16),1:52 1-5 Split | 16:24 Avg
469531,https://ca.milesplit.com/meets/252574-sunbelt-league-cluster-1-2016/results/469531/formatted/,2,Perris (SS),https://ca.milesplit.com/teams/17513-perris-ss,45,2+5+7+14+17  (18+20),1:49 1-5 Split | 16:59 Avg
469531,https://ca.milesplit.com/meets/252574-sunbelt-league-cluster-1-2016/results/469531/formatted/,3,Temescal Canyon (SS),https://ca.milesplit.com/teams/16142-temescal-canyon-ss,61,6+9+11+13+22  (25),1:30 1-5 Split | 17:27 Avg
469531,https://ca.milesplit.com/meets/252574-sunbelt-league-cluster-1-2016/results/469531/formatted/,4,Elsinore (SS),https://ca.milesplit.com/teams/16987-elsinore-ss,107,12+19+21+27+28  (29+30),1:38 1-5 Split | 18:23 Avg
469531,https://ca.milesplit.com/meets/252574-sunbelt-league-cluster-1-2016/results/469531/formatted/,5,Heritage (SS),https://ca.milesplit.com/teams/17113-heritage-ss,147,24+26+31+32+34  (35),1:38 1-5 Split | 19:34 Avg
469531,https://ca.milesplit.com/meets/252574-sunbelt-league-cluster-1-2016/results/469531/formatted/,6,Lakeside (SS),https://ca.milesplit.com/teams/17220-lakeside-ss,167,23+33+36+37+38  (39+40),5:31 1-5 Split | 21:51 Avg
463041,https://ca.milesplit.com/meets/248220-cool-breeze-evening-invitational-2016/results/463041/formatted/,1,Claremont (SS),https://ca.milesplit.com/teams/3949-claremont-ss,21,1+2+5+6+7  (9+10),0:24 1-5 Split | 16:51 Avg
463041,https://ca.milesplit.com/meets/248220-cool-breeze-evening-invitational-2016/results/463041/formatted/,2,Chino Hills (SS),https://ca.milesplit.com/teams/12164-chino-hills-ss,129,16+24+26+27+36  (44+51),0:47 1-5 Split | 18:12 Avg
463041,https://ca.milesplit.com/meets/248220-cool-breeze-evening-invitational-2016/results/463041/formatted/,3,Bonita (SS),https://ca.milesplit.com/teams/16760-bonita-ss,148,17+19+20+30+62  (99+108),1:29 1-5 Split | 18:12 Avg
463041,https://ca.milesplit.com/meets/248220-cool-breeze-evening-invitational-2016/results/463041/formatted/,4,Cathedral (SS),https://ca.milesplit.com/teams/16842-cathedral-ss,188,4+8+37+50+89  (135),2:58 1-5 Split | 18:16 Avg
463041,https://ca.milesplit.com/meets/248220-cool-breeze-evening-invitational-2016/results/463041/formatted/,5,Brea Olinda (SS),https://ca.milesplit.com/teams/12156-brea-olinda-ss,192,11+12+54+57+58  (61+67),1:51 1-5 Split | 18:21 Avg
463041,https://ca.milesplit.com/meets/248220-cool-breeze-evening-invitational-2016/results/463041/formatted/,6,Hart (William S.) (SS),https://ca.milesplit.com/teams/17102-hart-william-s-ss,195,3+21+29+66+76,2:39 1-5 Split | 18:22 Avg
463041,https://ca.milesplit.com/meets/248220-cool-breeze-evening-invitational-2016/results/463041/formatted/,7,Arcadia (SS),https://ca.milesplit.com/teams/12177-arcadia-ss,223,28+32+39+56+68  (71+73),0:55 1-5 Split | 18:44 Avg
463041,https://ca.milesplit.com/meets/248220-cool-breeze-evening-invitational-2016/results/463041/formatted/,8,Rancho Cucamonga (SS),https://ca.milesplit.com/teams/15842-rancho-cucamonga-ss,226,22+34+45+46+79  (96+98),1:44 1-5 Split | 18:42 Avg
463041,https://ca.milesplit.com/meets/248220-cool-breeze-evening-invitational-2016/results/463041/formatted/,9,Mira Costa (SS),https://ca.milesplit.com/teams/12159-mira-costa-ss,245,18+23+49+60+95  (118+129),2:15 1-5 Split | 18:49 Avg
463041,https://ca.milesplit.com/meets/248220-cool-breeze-evening-invitational-2016/results/463041/formatted/,10,Canyon - Canyon Country (SS),https://ca.milesplit.com/teams/16822-canyon-canyon-country-ss,260,13+15+52+87+93  (101+104),2:42 1-5 Split | 18:46 Avg
463041,https://ca.milesplit.com/meets/248220-cool-breeze-evening-invitational-2016/results/463041/formatted/,11,Redondo Union (SS),https://ca.milesplit.com/teams/15868-redondo-union-ss,269,33+40+41+64+91  (94+107),1:30 1-5 Split | 18:57 Avg
463041,https://ca.milesplit.com/meets/248220-cool-breeze-evening-invitational-2016/results/463041/formatted/,12,ML King (SS),https://ca.milesplit.com/teams/17196-ml-king-ss,307,42+59+65+69+72  (77+100),0:48 1-5 Split | 19:08 Avg
463041,https://ca.milesplit.com/meets/248220-cool-breeze-evening-invitational-2016/results/463041/formatted/,13,Canyon - Anaheim Hills (SS),https://ca.milesplit.com/teams/15887-canyon-anaheim-hills-ss,316,38+55+70+75+78  (88+120),1:00 1-5 Split | 19:11 Avg
463041,https://ca.milesplit.com/meets/248220-cool-breeze-evening-invitational-2016/results/463041/formatted/,14,Crescenta Valley (SS),https://ca.milesplit.com/teams/16913-crescenta-valley-ss,334,47+48+74+81+84  (85+102),0:51 1-5 Split | 19:18 Avg
463041,https://ca.milesplit.com/meets/248220-cool-breeze-evening-invitational-2016/results/463041/formatted/,15,Santa Monica (SS),https://ca.milesplit.com/teams/17665-santa-monica-ss,385,25+80+82+86+112  (114+122),2:32 1-5 Split | 19:37 Avg
463041,https://ca.milesplit.com/meets/248220-cool-breeze-evening-invitational-2016/results/463041/formatted/,16,Vista Murrieta (SS),https://ca.milesplit.com/teams/16185-vista-murrieta-ss,390,35+53+63+116+123  (127+132),2:39 1-5 Split | 19:46 Avg
463041,https://ca.milesplit.com/meets/248220-cool-breeze-evening-invitational-2016/results/463041/formatted/,17,El Segundo (SS),https://ca.milesplit.com/teams/16984-el-segundo-ss,394,14+43+109+113+115  (121+128),3:40 1-5 Split | 19:40 Avg
463041,https://ca.milesplit.com/meets/248220-cool-breeze-evening-invitational-2016/results/463041/formatted/,18,Tesoro (SS),https://ca.milesplit.com/teams/17785-tesoro-ss,500,90+92+103+105+110  (111+124),0:49 1-5 Split | 20:17 Avg
463041,https://ca.milesplit.com/meets/248220-cool-breeze-evening-invitational-2016/results/463041/formatted/,19,Flintridge Prep (SS),https://ca.milesplit.com/teams/17017-flintridge-prep-ss,512,31+83+131+133+134,7:02 1-5 Split | 21:55 Avg
463041,https://ca.milesplit.com/meets/248220-cool-breeze-evening-invitational-2016/results/463041/formatted/,20,Sage Creek (SD),https://ca.milesplit.com/teams/39074-sage-creek-sd,564,97+106+117+119+125  (126+130),1:03 1-5 Split | 20:46 Avg
490597,https://ky.milesplit.com/meets/256075-cross-country-coaches-national-youth-championships-2016/results/490597/formatted/,1,Brocaw Blazers,https://ks.milesplit.com/teams/37880-brocaw-blazers,27,1+5+6+7+8  (11+13),1:18 1-5 Split | 19:42 Avg
490597,https://ky.milesplit.com/meets/256075-cross-country-coaches-national-youth-championships-2016/results/490597/formatted/,2,Jenks America Track Club,https://ok.milesplit.com/teams/6255-jenks-america-track-club,33,2+3+4+10+14  (15+19),2:00 1-5 Split | 19:56 Avg
490597,https://ky.milesplit.com/meets/256075-cross-country-coaches-national-youth-championships-2016/results/490597/formatted/,3,Team Kentucky Elite,https://ky.milesplit.com/teams/34630-team-kentucky-elite,72,9+12+16+17+18,6:18 1-5 Split | 22:51 Avg
470361,https://ca.milesplit.com/meets/252803-bval-antioch-freedom-2016/results/470361/formatted/,1,Antioch (NC),https://ca.milesplit.com/teams/16687-antioch-nc,17,1+2+3+5+6  (8+10),1:00 1-5 Split | 16:50 Avg
470361,https://ca.milesplit.com/meets/252803-bval-antioch-freedom-2016/results/470361/formatted/,2,Freedom (NC),https://ca.milesplit.com/teams/18010-freedom-nc,43,4+7+9+11+12,2:29 1-5 Split | 17:58 Avg
479439,https://ca.milesplit.com/meets/254698-bravo-vs-maywood-2016/results/479439/formatted/,1,Bravo (Francisco) Medical Magnet (LA),https://ca.milesplit.com/teams/16768-bravo-francisco-medical-magnet-la,15,1+2+3+4+5  (6+7),0:3 1-5 Split | 17:26 Avg
479439,https://ca.milesplit.com/meets/254698-bravo-vs-maywood-2016/results/479439/formatted/,2,Maywood Academy (LA),https://ca.milesplit.com/teams/19563-maywood-academy-la,50,8+9+10+11+12  (13+14),2:02 1-5 Split | 20:58 Avg
468690,https://ca.milesplit.com/meets/242966-woodbridge-cross-country-classic-2016/results/468690/formatted/,1,Quartz Hill (SS),https://ca.milesplit.com/teams/17551-quartz-hill-ss,61,4+7+15+17+18  (54+145),1:05 1-5 Split | 17:35 Avg
468690,https://ca.milesplit.com/meets/242966-woodbridge-cross-country-classic-2016/results/468690/formatted/,2,El Toro (SS),https://ca.milesplit.com/teams/16158-el-toro-ss,80,2+5+12+23+38  (40+47),1:54 1-5 Split | 17:30 Avg
468690,https://ca.milesplit.com/meets/242966-woodbridge-cross-country-classic-2016/results/468690/formatted/,3,Aliso Niguel (SS),https://ca.milesplit.com/teams/16395-aliso-niguel-ss,94,1+9+10+25+49  (57+62),2:24 1-5 Split | 17:34 Avg
468690,https://ca.milesplit.com/meets/242966-woodbridge-cross-country-classic-2016/results/468690/formatted/,4,Great Oak (SS),https://ca.milesplit.com/teams/15857-great-oak-ss,105,3+6+27+33+36  (41+45),1:34 1-5 Split | 17:42 Avg
468690,https://ca.milesplit.com/meets/242966-woodbridge-cross-country-classic-2016/results/468690/formatted/,5,Granada Hills Charter (LA),https://ca.milesplit.com/teams/17078-granada-hills-charter-la,168,13+28+32+44+51  (60+70),0:51 1-5 Split | 18:12 Avg
468690,https://ca.milesplit.com/meets/242966-woodbridge-cross-country-classic-2016/results/468690/formatted/,6,El Rancho (SS),https://ca.milesplit.com/teams/12182-el-rancho-ss,194,20+22+30+53+69  (100+120),1:06 1-5 Split | 18:20 Avg
468690,https://ca.milesplit.com/meets/242966-woodbridge-cross-country-classic-2016/results/468690/formatted/,7,Yucaipa (SS),https://ca.milesplit.com/teams/17937-yucaipa-ss,268,14+24+39+93+98  (131+144),1:51 1-5 Split | 18:41 Avg
468690,https://ca.milesplit.com/meets/242966-woodbridge-cross-country-classic-2016/results/468690/formatted/,8,Burbank (SS),https://ca.milesplit.com/teams/17948-burbank-ss,307,43+52+55+71+86  (112+127),0:55 1-5 Split | 18:48 Avg
468690,https://ca.milesplit.com/meets/242966-woodbridge-cross-country-classic-2016/results/468690/formatted/,9,Los Alamitos (SS),https://ca.milesplit.com/teams/18263-los-alamitos-ss,318,8+26+76+94+114  (115+124),2:22 1-5 Split | 18:50 Avg
468690,https://ca.milesplit.com/meets/242966-woodbridge-cross-country-classic-2016/results/468690/formatted/,10,Arcadia (SS),https://ca.milesplit.com/teams/12177-arcadia-ss,362,59+66+74+81+82  (107+108),0:33 1-5 Split | 19:04 Avg
468690,https://ca.milesplit.com/meets/242966-woodbridge-cross-country-classic-2016/results/468690/formatted/,11,Warren (SS),https://ca.milesplit.com/teams/17864-warren-ss,362,11+16+84+117+134  (142+188),2:41 1-5 Split | 19:02 Avg
468690,https://ca.milesplit.com/meets/242966-woodbridge-cross-country-classic-2016/results/468690/formatted/,12,ML King (SS),https://ca.milesplit.com/teams/17196-ml-king-ss,375,35+63+79+89+109  (110+111),1:32 1-5 Split | 19:09 Avg
468690,https://ca.milesplit.com/meets/242966-woodbridge-cross-country-classic-2016/results/468690/formatted/,13,Shadow Ridge High School,https://nv.milesplit.com/teams/23198-shadow-ridge-high-school,398,34+75+77+80+132  (140+149),2:07 1-5 Split | 19:13 Avg
468690,https://ca.milesplit.com/meets/242966-woodbridge-cross-country-classic-2016/results/468690/formatted/,14,Santiago Corona (SS),https://ca.milesplit.com/teams/17675-santiago-corona-ss,402,29+85+90+92+106  (121+154),1:39 1-5 Split | 19:16 Avg
468690,https://ca.milesplit.com/meets/242966-woodbridge-cross-country-classic-2016/results/468690/formatted/,15,Canyon - Anaheim Hills (SS),https://ca.milesplit.com/teams/15887-canyon-anaheim-hills-ss,411,19+42+97+125+128  (158+165),2:19 1-5 Split | 19:16 Avg
468690,https://ca.milesplit.com/meets/242966-woodbridge-cross-country-classic-2016/results/468690/formatted/,16,Rancho Cucamonga (SS),https://ca.milesplit.com/teams/15842-rancho-cucamonga-ss,414,56+67+73+105+113  (151+161),1:15 1-5 Split | 19:16 Avg
468690,https://ca.milesplit.com/meets/242966-woodbridge-cross-country-classic-2016/results/468690/formatted/,17,Paloma Valley (SS),https://ca.milesplit.com/teams/17495-paloma-valley-ss,451,21+48+103+126+153  (171+177),2:56 1-5 Split | 19:28 Avg
468690,https://ca.milesplit.com/meets/242966-woodbridge-cross-country-classic-2016/results/468690/formatted/,18,Paramount (SS),https://ca.milesplit.com/teams/17500-paramount-ss,495,37+78+91+130+159  (184+187),2:50 1-5 Split | 19:43 Avg
468690,https://ca.milesplit.com/meets/242966-woodbridge-cross-country-classic-2016/results/468690/formatted/,19,Centennial High,https://nv.milesplit.com/teams/19046-centennial-high,515,46+50+95+160+164  (175),2:51 1-5 Split | 19:49 Avg
468690,https://ca.milesplit.com/meets/242966-woodbridge-cross-country-classic-2016/results/468690/formatted/,20,Patrick Henry (SD),https://ca.milesplit.com/teams/17508-patrick-henry-sd,520,65+72+116+129+138  (141+150),1:31 1-5 Split | 19:46 Avg
468690,https://ca.milesplit.com/meets/242966-woodbridge-cross-country-classic-2016/results/468690/formatted/,21,Roosevelt (SS),https://ca.milesplit.com/teams/17594-roosevelt-ss,546,58+61+102+143+182,3:47 1-5 Split | 20:04 Avg
468690,https://ca.milesplit.com/meets/242966-woodbridge-cross-country-classic-2016/results/468690/formatted/,22,Rancho Verde (SS),https://ca.milesplit.com/teams/15848-rancho-verde-ss,569,64+104+119+135+147  (156+157),1:53 1-5 Split | 19:57 Avg
468690,https://ca.milesplit.com/meets/242966-woodbridge-cross-country-classic-2016/results/468690/formatted/,23,Troy (SS),https://ca.milesplit.com/teams/15536-troy-ss,599,31+83+148+163+174  (186+190),3:42 1-5 Split | 20:16 Avg
468690,https://ca.milesplit.com/meets/242966-woodbridge-cross-country-classic-2016/results/468690/formatted/,24,Peninsula (SS),https://ca.milesplit.com/teams/17497-peninsula-ss,630,87+88+101+176+178  (179+183),2:51 1-5 Split | 20:34 Avg
468690,https://ca.milesplit.com/meets/242966-woodbridge-cross-country-classic-2016/results/468690/formatted/,25,Los Osos (SS),https://ca.milesplit.com/teams/17273-los-osos-ss,631,68+123+133+152+155  (168+172),1:55 1-5 Split | 20:16 Avg
468690,https://ca.milesplit.com/meets/242966-woodbridge-cross-country-classic-2016/results/468690/formatted/,26,Lakewood (SS),https://ca.milesplit.com/teams/16146-lakewood-ss,653,96+99+136+137+185,3:08 1-5 Split | 20:35 Avg
468690,https://ca.milesplit.com/meets/242966-woodbridge-cross-country-classic-2016/results/468690/formatted/,27,Temecula Valley (SS),https://ca.milesplit.com/teams/17780-temecula-valley-ss,707,118+122+139+162+166  (169+170),1:28 1-5 Split | 20:39 Avg
468690,https://ca.milesplit.com/meets/242966-woodbridge-cross-country-classic-2016/results/468690/formatted/,28,West Ranch (SS),https://ca.milesplit.com/teams/17883-west-ranch-ss,847,146+167+173+180+181  (189+191),1:40 1-5 Split | 21:47 Avg
489801,https://ca.milesplit.com/meets/257516-baseline-league-finals-2016/results/489801/formatted/,1,Chino Hills (SS),https://ca.milesplit.com/teams/12164-chino-hills-ss,15,1+2+3+4+5  (6+7),0:11 1-5 Split | 17:15 Avg
489801,https://ca.milesplit.com/meets/257516-baseline-league-finals-2016/results/489801/formatted/,2,Etiwanda (SS),https://ca.milesplit.com/teams/15878-etiwanda-ss,57,9+10+11+13+14  (18+24),0:23 1-5 Split | 17:50 Avg
489801,https://ca.milesplit.com/meets/257516-baseline-league-finals-2016/results/489801/formatted/,3,Upland (SS),https://ca.milesplit.com/teams/17820-upland-ss,110,15+17+23+27+28  (29+35),0:54 1-5 Split | 18:37 Avg
489801,https://ca.milesplit.com/meets/257516-baseline-league-finals-2016/results/489801/formatted/,4,Los Osos (SS),https://ca.milesplit.com/teams/17273-los-osos-ss,120,8+25+26+30+31  (32+33),1:50 1-5 Split | 18:48 Avg
489801,https://ca.milesplit.com/meets/257516-baseline-league-finals-2016/results/489801/formatted/,5,Damien (SS),https://ca.milesplit.com/teams/16154-damien-ss,127,16+20+21+34+36  (41+42),2:04 1-5 Split | 19:09 Avg
489801,https://ca.milesplit.com/meets/257516-baseline-league-finals-2016/results/489801/formatted/,6,Rancho Cucamonga (SS),https://ca.milesplit.com/teams/15842-rancho-cucamonga-ss,128,12+19+22+37+38  (39+40),2:48 1-5 Split | 19:12 Avg
489906,https://ca.milesplit.com/meets/248294-cif-southern-section-finals-2016/results/489906/formatted/,1,Palos Verdes (SS),https://ca.milesplit.com/teams/17496-palos-verdes-ss,37,1+6+7+11+12  (14+17),0:54 1-5 Split | 17:54 Avg
489906,https://ca.milesplit.com/meets/248294-cif-southern-section-finals-2016/results/489906/formatted/,2,Esperanza (SS),https://ca.milesplit.com/teams/15865-esperanza-ss,104,5+18+24+25+32  (40+71),1:06 1-5 Split | 18:27 Avg
489906,https://ca.milesplit.com/meets/248294-cif-southern-section-finals-2016/results/489906/formatted/,3,Laguna Hills (SS),https://ca.milesplit.com/teams/17218-laguna-hills-ss,136,15+21+27+36+37  (59+104),0:35 1-5 Split | 18:43 Avg
489906,https://ca.milesplit.com/meets/248294-cif-southern-section-finals-2016/results/489906/formatted/,4,Corona del Mar (SS),https://ca.milesplit.com/teams/15239-corona-del-mar-ss,158,4+22+31+47+54  (62+114),1:46 1-5 Split | 18:43 Avg
489906,https://ca.milesplit.com/meets/248294-cif-southern-section-finals-2016/results/489906/formatted/,5,Royal (SS),https://ca.milesplit.com/teams/12185-royal-ss,196,20+26+42+44+64  (106+122),0:59 1-5 Split | 18:57 Avg
489906,https://ca.milesplit.com/meets/248294-cif-southern-section-finals-2016/results/489906/formatted/,6,Moorpark (SS),https://ca.milesplit.com/teams/17374-moorpark-ss,210,13+23+46+56+72  (80+88),1:15 1-5 Split | 18:58 Avg
489906,https://ca.milesplit.com/meets/248294-cif-southern-section-finals-2016/results/489906/formatted/,7,Oak Park (SS),https://ca.milesplit.com/teams/17447-oak-park-ss,243,2+30+66+70+75  (77+108),2:04 1-5 Split | 18:58 Avg
489906,https://ca.milesplit.com/meets/248294-cif-southern-section-finals-2016/results/489906/formatted/,8,Norwalk (SS),https://ca.milesplit.com/teams/17436-norwalk-ss,249,3+8+65+76+97  (120+145),2:20 1-5 Split | 18:54 Avg
489906,https://ca.milesplit.com/meets/248294-cif-southern-section-finals-2016/results/489906/formatted/,9,Yorba Linda (SS),https://ca.milesplit.com/teams/23671-yorba-linda-ss,264,28+43+50+69+74  (83+90),0:44 1-5 Split | 19:15 Avg
489906,https://ca.milesplit.com/meets/248294-cif-southern-section-finals-2016/results/489906/formatted/,10,Santa Margarita (SS),https://ca.milesplit.com/teams/16291-santa-margarita-ss,268,9+39+49+53+118  (121+141),2:25 1-5 Split | 19:14 Avg
489906,https://ca.milesplit.com/meets/248294-cif-southern-section-finals-2016/results/489906/formatted/,11,West Torrance (SS),https://ca.milesplit.com/teams/17885-west-torrance-ss,312,35+57+58+78+84  (94+102),0:42 1-5 Split | 19:25 Avg
489906,https://ca.milesplit.com/meets/248294-cif-southern-section-finals-2016/results/489906/formatted/,12,Torrance (SS),https://ca.milesplit.com/teams/17797-torrance-ss,340,10+55+81+87+107  (153+158),1:58 1-5 Split | 19:27 Avg
489906,https://ca.milesplit.com/meets/248294-cif-southern-section-finals-2016/results/489906/formatted/,13,South Torrance (SS),https://ca.milesplit.com/teams/17724-south-torrance-ss,356,45+51+67+93+100  (105+112),0:50 1-5 Split | 19:33 Avg
489906,https://ca.milesplit.com/meets/248294-cif-southern-section-finals-2016/results/489906/formatted/,14,Brea Olinda (SS),https://ca.milesplit.com/teams/12156-brea-olinda-ss,378,19+33+48+134+144  (151+161),2:41 1-5 Split | 19:43 Avg
489906,https://ca.milesplit.com/meets/248294-cif-southern-section-finals-2016/results/489906/formatted/,15,Bolsa Grande (SS),https://ca.milesplit.com/teams/16759-bolsa-grande-ss,412,38+60+63+119+132  (133+154),1:48 1-5 Split | 19:50 Avg
489906,https://ca.milesplit.com/meets/248294-cif-southern-section-finals-2016/results/489906/formatted/,16,La Quinta Westminster (SS),https://ca.milesplit.com/teams/17208-la-quinta-westminster-ss,446,29+86+103+111+117  (146+147),1:34 1-5 Split | 19:51 Avg
489906,https://ca.milesplit.com/meets/248294-cif-southern-section-finals-2016/results/489906/formatted/,17,Ocean View (SS),https://ca.milesplit.com/teams/17453-ocean-view-ss,464,41+73+85+128+137  (142+155),1:50 1-5 Split | 19:58 Avg
489906,https://ca.milesplit.com/meets/248294-cif-southern-section-finals-2016/results/489906/formatted/,18,Bonita (SS),https://ca.milesplit.com/teams/16760-bonita-ss,465,82+89+95+98+101  (113+115),0:18 1-5 Split | 19:51 Avg
489906,https://ca.milesplit.com/meets/248294-cif-southern-section-finals-2016/results/489906/formatted/,19,Indio (SS),https://ca.milesplit.com/teams/17153-indio-ss,481,16+79+99+139+148  (163+164),2:47 1-5 Split | 20:01 Avg
489906,https://ca.milesplit.com/meets/248294-cif-southern-section-finals-2016/results/489906/formatted/,20,Bloomington (SS),https://ca.milesplit.com/teams/16757-bloomington-ss,538,52+109+116+126+135  (138+152),1:31 1-5 Split | 20:17 Avg
489906,https://ca.milesplit.com/meets/248294-cif-southern-section-finals-2016/results/489906/formatted/,21,Rosemead (SS),https://ca.milesplit.com/teams/17602-rosemead-ss,539,68+92+123+125+131  (136+160),1:18 1-5 Split | 20:14 Avg
489906,https://ca.milesplit.com/meets/248294-cif-southern-section-finals-2016/results/489906/formatted/,22,South Pasadena (SS),https://ca.milesplit.com/teams/17722-south-pasadena-ss,545,61+91+110+127+156  (159+165),2:14 1-5 Split | 20:22 Avg
489906,https://ca.milesplit.com/meets/248294-cif-southern-section-finals-2016/results/489906/formatted/,23,Pacifica - Garden Grove (SS),https://ca.milesplit.com/teams/17484-pacifica-garden-grove-ss,578,34+96+129+157+162  (166+167),3:22 1-5 Split | 20:42 Avg
489906,https://ca.milesplit.com/meets/248294-cif-southern-section-finals-2016/results/489906/formatted/,24,Rubidoux (SS),https://ca.milesplit.com/teams/17607-rubidoux-ss,686,124+130+140+143+149  (150+168),0:40 1-5 Split | 20:54 Avg
484329,https://ca.milesplit.com/meets/228891-mt-sac-xc-invitational-2016/results/484329/formatted/,1,JSerra Catholic (SS),https://ca.milesplit.com/teams/17178-jserra-catholic-ss,68,6+8+14+19+21  (32+34),1:02 1-5 Split | 19:28 Avg
484329,https://ca.milesplit.com/meets/228891-mt-sac-xc-invitational-2016/results/484329/formatted/,2,Coronado (SD),https://ca.milesplit.com/teams/16905-coronado-sd,75,4+5+10+23+33  (37+38),2:05 1-5 Split | 19:28 Avg
484329,https://ca.milesplit.com/meets/228891-mt-sac-xc-invitational-2016/results/484329/formatted/,3,Tahoe Truckee (NIAA),https://ca.milesplit.com/teams/17774-tahoe-truckee-niaa,78,7+12+17+18+24  (39+67),1:07 1-5 Split | 19:38 Avg
484329,https://ca.milesplit.com/meets/228891-mt-sac-xc-invitational-2016/results/484329/formatted/,4,Miramonte (NC),https://ca.milesplit.com/teams/17354-miramonte-nc,120,1+13+25+27+54  (64),4:19 1-5 Split | 20:00 Avg
484329,https://ca.milesplit.com/meets/228891-mt-sac-xc-invitational-2016/results/484329/formatted/,5,McFarland (CS),https://ca.milesplit.com/teams/14610-mcfarland-cs,132,2+15+26+36+53  (73),3:29 1-5 Split | 20:17 Avg
484329,https://ca.milesplit.com/meets/228891-mt-sac-xc-invitational-2016/results/484329/formatted/,6,Marymount (SS),https://ca.milesplit.com/teams/17309-marymount-ss,165,3+28+41+42+51  (55+56),3:22 1-5 Split | 20:43 Avg
484329,https://ca.milesplit.com/meets/228891-mt-sac-xc-invitational-2016/results/484329/formatted/,7,Page High School,https://az.milesplit.com/teams/13616-page-high-school,166,16+20+31+40+59  (68+69),2:44 1-5 Split | 20:46 Avg
484329,https://ca.milesplit.com/meets/228891-mt-sac-xc-invitational-2016/results/484329/formatted/,8,Granite Hills (SS),https://ca.milesplit.com/teams/17081-granite-hills-ss,182,11+30+35+46+60  (61+71),3:10 1-5 Split | 20:58 Avg
484329,https://ca.milesplit.com/meets/228891-mt-sac-xc-invitational-2016/results/484329/formatted/,9,San Luis Obispo (CS),https://ca.milesplit.com/teams/17644-san-luis-obispo-cs,198,22+29+45+50+52  (57+65),1:59 1-5 Split | 21:09 Avg
484329,https://ca.milesplit.com/meets/228891-mt-sac-xc-invitational-2016/results/484329/formatted/,10,Yucca Valley (SS),https://ca.milesplit.com/teams/17938-yucca-valley-ss,270,43+44+49+62+72  (74),1:49 1-5 Split | 22:06 Avg
484329,https://ca.milesplit.com/meets/228891-mt-sac-xc-invitational-2016/results/484329/formatted/,11,Malibu (SS),https://ca.milesplit.com/teams/15856-malibu-ss,291,9+63+66+76+77  (79),5:32 1-5 Split | 22:47 Avg
484329,https://ca.milesplit.com/meets/228891-mt-sac-xc-invitational-2016/results/484329/formatted/,12,Oaks Christian (SS),https://ca.milesplit.com/teams/15873-oaks-christian-ss,298,47+48+58+70+75  (78+80),2:36 1-5 Split | 22:40 Avg
489308,https://ca.milesplit.com/meets/248285-cif-la-city-prelims-2016/results/489308/formatted/,1,El Camino Real Charter (LA),https://ca.milesplit.com/teams/17959-el-camino-real-charter-la,39,1+2+10+12+14  (30+46),0:57 1-5 Split | 20:35 Avg
489308,https://ca.milesplit.com/meets/248285-cif-la-city-prelims-2016/results/489308/formatted/,2,San Pedro (LA),https://ca.milesplit.com/teams/17651-san-pedro-la,62,4+5+13+15+25  (33),2:07 1-5 Split | 21:04 Avg
489308,https://ca.milesplit.com/meets/248285-cif-la-city-prelims-2016/results/489308/formatted/,3,Marshall (John) (LA),https://ca.milesplit.com/teams/17304-marshall-john-la,90,9+17+20+21+23  (31+43),1:15 1-5 Split | 21:33 Avg
489308,https://ca.milesplit.com/meets/248285-cif-la-city-prelims-2016/results/489308/formatted/,4,null,,94,3+6+16+34+35  (37+39),2:58 1-5 Split | 21:38 Avg
489308,https://ca.milesplit.com/meets/248285-cif-la-city-prelims-2016/results/489308/formatted/,5,Birmingham Community Charter (LA),https://ca.milesplit.com/teams/32598-birmingham-community-charter-la,101,8+18+22+26+27  (36+40),1:56 1-5 Split | 21:48 Avg
489308,https://ca.milesplit.com/meets/248285-cif-la-city-prelims-2016/results/489308/formatted/,6,Kennedy (John F.) (LA),https://ca.milesplit.com/teams/17189-kennedy-john-f-la,168,7+11+45+50+55  (57),5:35 1-5 Split | 23:22 Avg
489308,https://ca.milesplit.com/meets/248285-cif-la-city-prelims-2016/results/489308/formatted/,7,Hamilton (LA),https://ca.milesplit.com/teams/17094-hamilton-la,175,24+29+32+38+52  (54+56),3:50 1-5 Split | 23:24 Avg
489308,https://ca.milesplit.com/meets/248285-cif-la-city-prelims-2016/results/489308/formatted/,8,Narbonne (Nathaniel) (LA),https://ca.milesplit.com/teams/17400-narbonne-nathaniel-la,178,19+28+41+42+48  (49+51),3:01 1-5 Split | 23:22 Avg
489308,https://ca.milesplit.com/meets/248285-cif-la-city-prelims-2016/results/489308/formatted/,9,Roosevelt (Theodore) (LA),https://ca.milesplit.com/teams/17595-roosevelt-theodore-la,261,44+47+53+58+59  (60+61),5:21 1-5 Split | 26:41 Avg
484135,https://ca.milesplit.com/meets/228891-mt-sac-xc-invitational-2016/results/484135/formatted/,1,Tamalpais (NC),https://ca.milesplit.com/teams/17776-tamalpais-nc,62,10+11+12+14+15  (19+23),0:11 1-5 Split | 21:22 Avg
484135,https://ca.milesplit.com/meets/228891-mt-sac-xc-invitational-2016/results/484135/formatted/,2,Ramona (SD),https://ca.milesplit.com/teams/17555-ramona-sd,70,1+7+9+21+32  (34+41),4:17 1-5 Split | 21:03 Avg
484135,https://ca.milesplit.com/meets/228891-mt-sac-xc-invitational-2016/results/484135/formatted/,3,El Capitan (SD),https://ca.milesplit.com/teams/16976-el-capitan-sd,83,6+17+18+20+22  (25+26),1:49 1-5 Split | 21:37 Avg
484135,https://ca.milesplit.com/meets/228891-mt-sac-xc-invitational-2016/results/484135/formatted/,4,West Valley (SS),https://ca.milesplit.com/teams/17887-west-valley-ss,134,8+13+31+33+49  (57),3:23 1-5 Split | 22:31 Avg
484135,https://ca.milesplit.com/meets/228891-mt-sac-xc-invitational-2016/results/484135/formatted/,5,El Dorado (SS),https://ca.milesplit.com/teams/17960-el-dorado-ss,134,2+24+35+36+37  (59),4:20 1-5 Split | 22:05 Avg
484135,https://ca.milesplit.com/meets/228891-mt-sac-xc-invitational-2016/results/484135/formatted/,6,Don Lugo (SS),https://ca.milesplit.com/teams/16941-don-lugo-ss,171,3+4+46+54+64  (67+90),5:57 1-5 Split | 22:42 Avg
484135,https://ca.milesplit.com/meets/228891-mt-sac-xc-invitational-2016/results/484135/formatted/,7,Pacifica - Garden Grove (SS),https://ca.milesplit.com/teams/17484-pacifica-garden-grove-ss,194,5+43+45+48+53  (62+83),4:20 1-5 Split | 23:21 Avg
484135,https://ca.milesplit.com/meets/228891-mt-sac-xc-invitational-2016/results/484135/formatted/,8,North Torrance (SS),https://ca.milesplit.com/teams/17423-north-torrance-ss,200,30+39+40+44+47  (51),1:08 1-5 Split | 23:32 Avg
484135,https://ca.milesplit.com/meets/228891-mt-sac-xc-invitational-2016/results/484135/formatted/,9,Yosemite (CS),https://ca.milesplit.com/teams/17933-yosemite-cs,274,29+38+58+70+79,3:57 1-5 Split | 24:47 Avg
484135,https://ca.milesplit.com/meets/228891-mt-sac-xc-invitational-2016/results/484135/formatted/,10,Verdugo Hills (LA),https://ca.milesplit.com/teams/17842-verdugo-hills-la,295,16+27+80+81+91  (92),6:26 1-5 Split | 25:09 Avg
484135,https://ca.milesplit.com/meets/228891-mt-sac-xc-invitational-2016/results/484135/formatted/,11,Garces Memorial (CS),https://ca.milesplit.com/teams/17054-garces-memorial-cs,306,50+55+60+63+78,2:22 1-5 Split | 25:19 Avg
484135,https://ca.milesplit.com/meets/228891-mt-sac-xc-invitational-2016/results/484135/formatted/,12,El Diamante (CS),https://ca.milesplit.com/teams/16978-el-diamante-cs,358,42+65+69+88+94,4:33 1-5 Split | 26:08 Avg
484135,https://ca.milesplit.com/meets/228891-mt-sac-xc-invitational-2016/results/484135/formatted/,13,Garey (SS),https://ca.milesplit.com/teams/17057-garey-ss,360,56+68+75+76+85  (96+101),2:15 1-5 Split | 26:11 Avg
484135,https://ca.milesplit.com/meets/228891-mt-sac-xc-invitational-2016/results/484135/formatted/,14,Pasadena (SS),https://ca.milesplit.com/teams/17505-pasadena-ss,378,61+71+73+74+99,3:45 1-5 Split | 26:36 Avg
484135,https://ca.milesplit.com/meets/228891-mt-sac-xc-invitational-2016/results/484135/formatted/,15,Nogales (SS),https://ca.milesplit.com/teams/17414-nogales-ss,381,66+72+77+82+84,1:34 1-5 Split | 26:29 Avg
484135,https://ca.milesplit.com/meets/228891-mt-sac-xc-invitational-2016/results/484135/formatted/,16,Highland (CS),https://ca.milesplit.com/teams/17121-highland-cs,408,28+89+93+98+100  (102+103),6:40 1-5 Split | 27:23 Avg
484135,https://ca.milesplit.com/meets/228891-mt-sac-xc-invitational-2016/results/484135/formatted/,17,Savanna (SS),https://ca.milesplit.com/teams/17677-savanna-ss,417,52+86+87+95+97,4:20 1-5 Split | 27:18 Avg
486342,https://ca.milesplit.com/meets/256394-trinity-invitational-2016/results/486342/formatted/,1,Chico (NS),https://ca.milesplit.com/teams/16865-chico-ns,18,1+2+4+5+6  (7+8),0:41 1-5 Split | 14:06 Avg
486342,https://ca.milesplit.com/meets/256394-trinity-invitational-2016/results/486342/formatted/,2,Lassen (NS),https://ca.milesplit.com/teams/17224-lassen-ns,45,3+9+10+11+12,1:11 1-5 Split | 14:48 Avg
486342,https://ca.milesplit.com/meets/256394-trinity-invitational-2016/results/486342/formatted/,1,Chico (NS),https://ca.milesplit.com/teams/16865-chico-ns,17,1+2+3+5+6  (10+11),3:02 1-5 Split | 19:28 Avg
486342,https://ca.milesplit.com/meets/256394-trinity-invitational-2016/results/486342/formatted/,2,Trinity (NS),https://ca.milesplit.com/teams/17803-trinity-ns,40,4+7+8+9+12,2:20 1-5 Split | 21:28 Avg
490404,https://www.milesplit.com/meets/242981-foot-locker-west-regional-2016/results/490404/formatted/,1,Corner Canyon,https://ut.milesplit.com/teams/34659-corner-canyon,40,1+6+10+11+12  (14+28),2:17 1-5 Split | 19:34 Avg
490404,https://www.milesplit.com/meets/242981-foot-locker-west-regional-2016/results/490404/formatted/,2,Herriman,https://ut.milesplit.com/teams/27734-herriman,47,3+4+5+17+18  (30),2:55 1-5 Split | 19:38 Avg
490404,https://www.milesplit.com/meets/242981-foot-locker-west-regional-2016/results/490404/formatted/,3,Westlake,https://ut.milesplit.com/teams/23009-westlake,63,2+9+13+16+23  (26+27),3:41 1-5 Split | 20:20 Avg
490404,https://www.milesplit.com/meets/242981-foot-locker-west-regional-2016/results/490404/formatted/,4,Mountain View,https://ut.milesplit.com/teams/7791-mountain-view,78,7+8+20+21+22,2:56 1-5 Split | 20:42 Avg
490404,https://www.milesplit.com/meets/242981-foot-locker-west-regional-2016/results/490404/formatted/,5,Tooele,https://ut.milesplit.com/teams/7830-tooele,112,15+19+24+25+29,2:52 1-5 Split | 22:14 Avg
473980,https://ca.milesplit.com/meets/253432-tcal-center-meet-2-2016/results/473980/formatted/,1,Lodi (SJ),https://ca.milesplit.com/teams/17259-lodi-sj,31,2+3+4+7+15  (26+28),1:02 1-5 Split | 14:24 Avg
473980,https://ca.milesplit.com/meets/253432-tcal-center-meet-2-2016/results/473980/formatted/,2,Tracy (SJ),https://ca.milesplit.com/teams/17798-tracy-sj,35,1+6+8+9+11  (20+23),0:56 1-5 Split | 14:31 Avg
473980,https://ca.milesplit.com/meets/253432-tcal-center-meet-2-2016/results/473980/formatted/,3,Tokay (SJ),https://ca.milesplit.com/teams/17795-tokay-sj,88,5+16+18+22+27  (32+33),1:08 1-5 Split | 15:08 Avg
473980,https://ca.milesplit.com/meets/253432-tcal-center-meet-2-2016/results/473980/formatted/,4,St. Mary's (SJ),https://ca.milesplit.com/teams/17747-st-marys-sj,99,10+19+21+24+25  (34+39),0:49 1-5 Split | 15:15 Avg
473980,https://ca.milesplit.com/meets/253432-tcal-center-meet-2-2016/results/473980/formatted/,5,Lincoln - Stockton (SJ),https://ca.milesplit.com/teams/17246-lincoln-stockton-sj,105,13+14+17+30+31  (35+36),1:14 1-5 Split | 15:21 Avg
473980,https://ca.milesplit.com/meets/253432-tcal-center-meet-2-2016/results/473980/formatted/,6,West (Merrill F.) (SJ),https://ca.milesplit.com/teams/17875-west-merrill-f-sj,156,12+29+37+38+40  (41+42),2:47 1-5 Split | 16:25 Avg
486672,https://ca.milesplit.com/meets/256469-coastal-league-cluster-2-2016/results/486672/formatted/,1,Francis Parker (SD),https://ca.milesplit.com/teams/17502-francis-parker-sd,31,1+3+8+9+10  (16+19),3:02 1-5 Split | 20:10 Avg
486672,https://ca.milesplit.com/meets/256469-coastal-league-cluster-2-2016/results/486672/formatted/,2,La Jolla Country Day,https://ca.milesplit.com/teams/57973-la-jolla-country-day,57,2+5+14+15+21  (27+28),5:02 1-5 Split | 21:50 Avg
486672,https://ca.milesplit.com/meets/256469-coastal-league-cluster-2-2016/results/486672/formatted/,3,Santa Fe Christian (SD),https://ca.milesplit.com/teams/17662-santa-fe-christian-sd,64,6+11+12+13+22  (23+25),3:40 1-5 Split | 22:28 Avg
486672,https://ca.milesplit.com/meets/256469-coastal-league-cluster-2-2016/results/486672/formatted/,4,Pacific Ridge (SD),https://ca.milesplit.com/teams/17482-pacific-ridge-sd,66,4+7+17+18+20  (24+26),4:15 1-5 Split | 22:09 Avg
470673,https://ca.milesplit.com/meets/252865-camino-del-rey-association-2016/results/470673/formatted/,1,Bishop Montgomery (SS),https://ca.milesplit.com/teams/16752-bishop-montgomery-ss,20,2+3+4+5+6  (14+25),0:32 1-5 Split | 20:15 Avg
470673,https://ca.milesplit.com/meets/252865-camino-del-rey-association-2016/results/470673/formatted/,2,St. Pius X St Matthias (SS),https://ca.milesplit.com/teams/36168-st-pius-x-st-matthias-ss,63,1+7+12+19+24  (26+35),3:09 1-5 Split | 21:22 Avg
470673,https://ca.milesplit.com/meets/252865-camino-del-rey-association-2016/results/470673/formatted/,3,St. Anthony (SS),https://ca.milesplit.com/teams/17731-st-anthony-ss,77,10+11+13+16+27  (31+34),2:01 1-5 Split | 21:43 Avg
470673,https://ca.milesplit.com/meets/252865-camino-del-rey-association-2016/results/470673/formatted/,4,St. Monica Catholic (SS),https://ca.milesplit.com/teams/17751-st-monica-catholic-ss,78,8+15+17+18+20  (29+30),1:46 1-5 Split | 21:53 Avg
470673,https://ca.milesplit.com/meets/252865-camino-del-rey-association-2016/results/470673/formatted/,5,St. Genevieve (SS),https://ca.milesplit.com/teams/17739-st-genevieve-ss,132,9+22+28+36+37,3:41 1-5 Split | 23:01 Avg
470673,https://ca.milesplit.com/meets/252865-camino-del-rey-association-2016/results/470673/formatted/,6,Mary Star of the Sea (SS),https://ca.milesplit.com/teams/17308-mary-star-of-the-sea-ss,157,21+23+32+38+43  (44+46),3:33 1-5 Split | 23:51 Avg
470673,https://ca.milesplit.com/meets/252865-camino-del-rey-association-2016/results/470673/formatted/,7,Verbum Dei (B) (SS),https://ca.milesplit.com/teams/17841-verbum-dei-b-ss,195,33+39+40+41+42  (45),1:56 1-5 Split | 24:59 Avg
484123,https://ca.milesplit.com/meets/228891-mt-sac-xc-invitational-2016/results/484123/formatted/,1,Whitney (SJ),https://ca.milesplit.com/teams/17902-whitney-sj,69,1+2+7+23+36  (48+63),2:57 1-5 Split | 18:58 Avg
484123,https://ca.milesplit.com/meets/228891-mt-sac-xc-invitational-2016/results/484123/formatted/,2,South Torrance (SS),https://ca.milesplit.com/teams/17724-south-torrance-ss,95,6+9+15+30+35  (59+61),2:02 1-5 Split | 19:27 Avg
484123,https://ca.milesplit.com/meets/228891-mt-sac-xc-invitational-2016/results/484123/formatted/,3,Rosemead (SS),https://ca.milesplit.com/teams/17602-rosemead-ss,128,17+22+24+27+38  (39+41),1:06 1-5 Split | 20:09 Avg
484123,https://ca.milesplit.com/meets/228891-mt-sac-xc-invitational-2016/results/484123/formatted/,4,Torrance (SS),https://ca.milesplit.com/teams/17797-torrance-ss,173,8+29+42+43+51  (56+57),2:35 1-5 Split | 20:18 Avg
484123,https://ca.milesplit.com/meets/228891-mt-sac-xc-invitational-2016/results/484123/formatted/,5,Los Altos (SS),https://ca.milesplit.com/teams/17266-los-altos-ss,179,3+21+40+49+66,3:46 1-5 Split | 20:24 Avg
484123,https://ca.milesplit.com/meets/228891-mt-sac-xc-invitational-2016/results/484123/formatted/,6,Ocean View (SS),https://ca.milesplit.com/teams/17453-ocean-view-ss,182,4+26+33+55+64,3:40 1-5 Split | 20:27 Avg
484123,https://ca.milesplit.com/meets/228891-mt-sac-xc-invitational-2016/results/484123/formatted/,7,Saddleback (SS),https://ca.milesplit.com/teams/17616-saddleback-ss,187,12+18+44+53+60  (84+86),2:25 1-5 Split | 20:35 Avg
484123,https://ca.milesplit.com/meets/228891-mt-sac-xc-invitational-2016/results/484123/formatted/,8,University City (SD),https://ca.milesplit.com/teams/12210-university-city-sd,190,19+20+45+52+54  (62+69),1:42 1-5 Split | 20:44 Avg
484123,https://ca.milesplit.com/meets/228891-mt-sac-xc-invitational-2016/results/484123/formatted/,9,El Capitan (SD),https://ca.milesplit.com/teams/16976-el-capitan-sd,219,16+31+37+65+70  (89+105),2:58 1-5 Split | 20:53 Avg
484123,https://ca.milesplit.com/meets/228891-mt-sac-xc-invitational-2016/results/484123/formatted/,10,Wilson (Glen A.) - Hacienda Heights (SS),https://ca.milesplit.com/teams/17912-wilson-glen-a-hacienda-heights-ss,308,5+68+71+74+90  (91+98),5:25 1-5 Split | 21:52 Avg
484123,https://ca.milesplit.com/meets/228891-mt-sac-xc-invitational-2016/results/484123/formatted/,11,San Bernardino (SS),https://ca.milesplit.com/teams/17622-san-bernardino-ss,316,11+32+77+97+99  (104),5:48 1-5 Split | 22:28 Avg
484123,https://ca.milesplit.com/meets/228891-mt-sac-xc-invitational-2016/results/484123/formatted/,12,Cerritos (SS),https://ca.milesplit.com/teams/16856-cerritos-ss,327,13+72+73+82+87,4:10 1-5 Split | 22:06 Avg
484123,https://ca.milesplit.com/meets/228891-mt-sac-xc-invitational-2016/results/484123/formatted/,13,Laguna Hills (SS),https://ca.milesplit.com/teams/17218-laguna-hills-ss,337,14+47+88+93+95  (106),5:27 1-5 Split | 22:38 Avg
484123,https://ca.milesplit.com/meets/228891-mt-sac-xc-invitational-2016/results/484123/formatted/,14,Santana (SD),https://ca.milesplit.com/teams/17970-santana-sd,349,10+34+92+103+110,7:33 1-5 Split | 23:11 Avg
484123,https://ca.milesplit.com/meets/228891-mt-sac-xc-invitational-2016/results/484123/formatted/,15,Temple City (SS),https://ca.milesplit.com/teams/17781-temple-city-ss,350,46+50+75+85+94  (100+101),3:25 1-5 Split | 22:36 Avg
484123,https://ca.milesplit.com/meets/228891-mt-sac-xc-invitational-2016/results/484123/formatted/,16,Beverly Hills (SS),https://ca.milesplit.com/teams/17946-beverly-hills-ss,381,28+80+81+83+109,6:05 1-5 Split | 23:07 Avg
484123,https://ca.milesplit.com/meets/228891-mt-sac-xc-invitational-2016/results/484123/formatted/,17,Ramona (SD),https://ca.milesplit.com/teams/17555-ramona-sd,383,25+67+76+107+108,6:00 1-5 Split | 23:28 Avg
484123,https://ca.milesplit.com/meets/228891-mt-sac-xc-invitational-2016/results/484123/formatted/,18,Hillcrest (SS),https://ca.milesplit.com/teams/17126-hillcrest-ss,413,58+78+79+96+102,3:44 1-5 Split | 23:31 Avg
474439,https://ca.milesplit.com/meets/253616-palomar-cluster-1-2016/results/474439/formatted/,1,Del Norte (SD),https://ca.milesplit.com/teams/23089-del-norte-sd,27,2+3+6+7+9  (13+18),0:41 1-5 Split | 17:03 Avg
474439,https://ca.milesplit.com/meets/253616-palomar-cluster-1-2016/results/474439/formatted/,2,Poway (SD),https://ca.milesplit.com/teams/17546-poway-sd,60,1+4+14+16+25  (27+36),2:26 1-5 Split | 17:31 Avg
474439,https://ca.milesplit.com/meets/253616-palomar-cluster-1-2016/results/474439/formatted/,3,Mt. Carmel (SD),https://ca.milesplit.com/teams/15596-mt-carmel-sd,63,5+10+12+15+21  (23+24),1:37 1-5 Split | 17:37 Avg
474439,https://ca.milesplit.com/meets/253616-palomar-cluster-1-2016/results/474439/formatted/,4,Rancho Bernardo (SD),https://ca.milesplit.com/teams/15882-rancho-bernardo-sd,96,8+11+20+26+31  (35+38),2:12 1-5 Split | 18:20 Avg
474439,https://ca.milesplit.com/meets/253616-palomar-cluster-1-2016/results/474439/formatted/,5,Mission Vista (SD),https://ca.milesplit.com/teams/23497-mission-vista-sd,126,17+19+28+30+32  (34+37),1:29 1-5 Split | 18:53 Avg
474439,https://ca.milesplit.com/meets/253616-palomar-cluster-1-2016/results/474439/formatted/,6,Westview (SD),https://ca.milesplit.com/teams/17898-westview-sd,163,22+29+33+39+40  (41+42),3:07 1-5 Split | 20:09 Avg
472258,https://ca.milesplit.com/meets/253077-truckee-invite-2016/results/472258/formatted/,1,Tahoe Truckee (NIAA),https://ca.milesplit.com/teams/17774-tahoe-truckee-niaa,15,1+2+3+4+5  (6+7),0:47 1-5 Split | 23:13 Avg
489332,https://ca.milesplit.com/meets/257223-ambassador-league-finals-2016/results/489332/formatted/,1,California Military (SS),https://ca.milesplit.com/teams/16803-california-military-ss,29,1+5+6+8+9  (13+14),2:37 1-5 Split | 25:00 Avg
489332,https://ca.milesplit.com/meets/257223-ambassador-league-finals-2016/results/489332/formatted/,2,Nuview Bridge Academy (SS),https://ca.milesplit.com/teams/17444-nuview-bridge-academy-ss,43,3+7+10+11+12  (16+18),2:27 1-5 Split | 25:45 Avg
489332,https://ca.milesplit.com/meets/257223-ambassador-league-finals-2016/results/489332/formatted/,3,Santa Rosa Academy (SS),https://ca.milesplit.com/teams/29443-santa-rosa-academy-ss,57,2+4+15+17+19,10:30 1-5 Split | 27:52 Avg
480667,https://ca.milesplit.com/meets/255109-citrus-belt-league-cluster-2-2016/results/480667/formatted/,1,Yucaipa (SS),https://ca.milesplit.com/teams/17937-yucaipa-ss,32,3+5+7+8+9  (12+21),0:16 1-5 Split | 17:07 Avg
480667,https://ca.milesplit.com/meets/255109-citrus-belt-league-cluster-2-2016/results/480667/formatted/,2,Redlands East Valley (SS),https://ca.milesplit.com/teams/17562-redlands-east-valley-ss,57,1+6+15+17+18  (29+34),1:27 1-5 Split | 17:09 Avg
480667,https://ca.milesplit.com/meets/255109-citrus-belt-league-cluster-2-2016/results/480667/formatted/,3,Citrus Valley (SS),https://ca.milesplit.com/teams/23154-citrus-valley-ss,73,4+14+16+19+20  (26+28),0:39 1-5 Split | 17:23 Avg
480667,https://ca.milesplit.com/meets/255109-citrus-belt-league-cluster-2-2016/results/480667/formatted/,4,Redlands (SS),https://ca.milesplit.com/teams/17563-redlands-ss,93,2+11+24+25+31  (36),1:31 1-5 Split | 17:36 Avg
480667,https://ca.milesplit.com/meets/255109-citrus-belt-league-cluster-2-2016/results/480667/formatted/,5,Cajon (SS),https://ca.milesplit.com/teams/16793-cajon-ss,95,10+13+22+23+27  (40+42),0:40 1-5 Split | 17:34 Avg
480667,https://ca.milesplit.com/meets/255109-citrus-belt-league-cluster-2-2016/results/480667/formatted/,6,Eisenhower (SS),https://ca.milesplit.com/teams/16970-eisenhower-ss,186,32+33+35+41+45  (46+47),2:18 1-5 Split | 19:30 Avg
480667,https://ca.milesplit.com/meets/255109-citrus-belt-league-cluster-2-2016/results/480667/formatted/,7,"Carter, Wilmer Amina (SS)",https://ca.milesplit.com/teams/16834-carter-wilmer-amina-ss,187,30+37+38+39+43  (44),2:15 1-5 Split | 19:16 Avg
490403,https://www.milesplit.com/meets/242981-foot-locker-west-regional-2016/results/490403/formatted/,1,American Fork,https://ut.milesplit.com/teams/7728-american-fork,55,8+9+10+11+17  (33+53),1:02 1-5 Split | 21:08 Avg
490403,https://www.milesplit.com/meets/242981-foot-locker-west-regional-2016/results/490403/formatted/,2,Desert Hills,https://ut.milesplit.com/teams/20838-desert-hills,91,3+7+15+20+46,5:03 1-5 Split | 21:51 Avg
490403,https://www.milesplit.com/meets/242981-foot-locker-west-regional-2016/results/490403/formatted/,3,Weber,https://ut.milesplit.com/teams/7842-weber,93,2+6+14+31+40  (44+51),4:47 1-5 Split | 22:04 Avg
490403,https://www.milesplit.com/meets/242981-foot-locker-west-regional-2016/results/490403/formatted/,4,Pleasant Grove,https://ut.milesplit.com/teams/7808-pleasant-grove,127,5+19+27+37+39  (49+65),4:20 1-5 Split | 22:51 Avg
490403,https://www.milesplit.com/meets/242981-foot-locker-west-regional-2016/results/490403/formatted/,5,Springville,https://ut.milesplit.com/teams/7824-springville,149,4+12+25+50+58,8:12 1-5 Split | 23:48 Avg
490403,https://www.milesplit.com/meets/242981-foot-locker-west-regional-2016/results/490403/formatted/,6,University City (SD),https://ca.milesplit.com/teams/12210-university-city-sd,150,22+24+30+36+38  (48+52),2:01 1-5 Split | 23:31 Avg
490403,https://www.milesplit.com/meets/242981-foot-locker-west-regional-2016/results/490403/formatted/,7,Corner Canyon,https://ut.milesplit.com/teams/34659-corner-canyon,154,16+21+34+41+42  (60+64),3:03 1-5 Split | 23:31 Avg
490403,https://www.milesplit.com/meets/242981-foot-locker-west-regional-2016/results/490403/formatted/,8,Herriman,https://ut.milesplit.com/teams/27734-herriman,156,13+23+28+45+47,4:08 1-5 Split | 23:35 Avg
490403,https://www.milesplit.com/meets/242981-foot-locker-west-regional-2016/results/490403/formatted/,9,Skyridge,https://ut.milesplit.com/teams/40491-skyridge,181,26+29+32+35+59,5:32 1-5 Split | 24:34 Avg
490403,https://www.milesplit.com/meets/242981-foot-locker-west-regional-2016/results/490403/formatted/,10,Lone Peak,https://ut.milesplit.com/teams/7780-lone-peak,194,1+18+56+57+62,10:18 1-5 Split | 25:29 Avg
490403,https://www.milesplit.com/meets/242981-foot-locker-west-regional-2016/results/490403/formatted/,11,Kearns,https://ut.milesplit.com/teams/7775-kearns,276,43+54+55+61+63,5:21 1-5 Split | 27:51 Avg
484089,https://ca.milesplit.com/meets/228891-mt-sac-xc-invitational-2016/results/484089/formatted/,1,Ocean View (SS),https://ca.milesplit.com/teams/17453-ocean-view-ss,53,6+9+10+11+17  (26+45),0:36 1-5 Split | 18:10 Avg
484089,https://ca.milesplit.com/meets/228891-mt-sac-xc-invitational-2016/results/484089/formatted/,2,Laguna Hills (SS),https://ca.milesplit.com/teams/17218-laguna-hills-ss,120,2+8+18+34+58  (62+84),2:20 1-5 Split | 18:40 Avg
484089,https://ca.milesplit.com/meets/228891-mt-sac-xc-invitational-2016/results/484089/formatted/,3,Yorba Linda (SS),https://ca.milesplit.com/teams/23671-yorba-linda-ss,136,3+4+36+38+55,2:09 1-5 Split | 18:45 Avg
484089,https://ca.milesplit.com/meets/228891-mt-sac-xc-invitational-2016/results/484089/formatted/,4,Santana (SD),https://ca.milesplit.com/teams/17970-santana-sd,161,12+28+35+42+44  (51+136),1:18 1-5 Split | 19:04 Avg
484089,https://ca.milesplit.com/meets/228891-mt-sac-xc-invitational-2016/results/484089/formatted/,5,Bloomington (SS),https://ca.milesplit.com/teams/16757-bloomington-ss,189,23+33+40+46+47  (53+94),0:51 1-5 Split | 19:18 Avg
484089,https://ca.milesplit.com/meets/228891-mt-sac-xc-invitational-2016/results/484089/formatted/,6,Century (SS),https://ca.milesplit.com/teams/16854-century-ss,213,5+7+64+68+69  (114+145),2:17 1-5 Split | 19:15 Avg
484089,https://ca.milesplit.com/meets/228891-mt-sac-xc-invitational-2016/results/484089/formatted/,7,Bonita (SS),https://ca.milesplit.com/teams/16760-bonita-ss,226,22+24+43+49+88  (106+123),2:15 1-5 Split | 19:30 Avg
484089,https://ca.milesplit.com/meets/228891-mt-sac-xc-invitational-2016/results/484089/formatted/,8,St. John Bosco (SS),https://ca.milesplit.com/teams/12189-st-john-bosco-ss,242,1+25+67+70+79  (141),3:07 1-5 Split | 19:27 Avg
484089,https://ca.milesplit.com/meets/228891-mt-sac-xc-invitational-2016/results/484089/formatted/,9,South Pasadena (SS),https://ca.milesplit.com/teams/17722-south-pasadena-ss,245,20+29+37+72+87  (101+115),2:17 1-5 Split | 19:40 Avg
484089,https://ca.milesplit.com/meets/228891-mt-sac-xc-invitational-2016/results/484089/formatted/,10,Beverly Hills (SS),https://ca.milesplit.com/teams/17946-beverly-hills-ss,267,27+31+39+81+89  (110+125),2:07 1-5 Split | 19:47 Avg
484089,https://ca.milesplit.com/meets/228891-mt-sac-xc-invitational-2016/results/484089/formatted/,11,Irvine (SS),https://ca.milesplit.com/teams/17159-irvine-ss,274,48+50+57+59+60  (66+71),0:21 1-5 Split | 19:46 Avg
484089,https://ca.milesplit.com/meets/228891-mt-sac-xc-invitational-2016/results/484089/formatted/,12,Sierra Vista (SS),https://ca.milesplit.com/teams/17698-sierra-vista-ss,286,16+32+76+77+85  (90+118),2:28 1-5 Split | 19:54 Avg
484089,https://ca.milesplit.com/meets/228891-mt-sac-xc-invitational-2016/results/484089/formatted/,13,Cerritos (SS),https://ca.milesplit.com/teams/16856-cerritos-ss,313,14+63+65+80+91  (92+116),2:39 1-5 Split | 19:59 Avg
484089,https://ca.milesplit.com/meets/228891-mt-sac-xc-invitational-2016/results/484089/formatted/,14,South Hills (SS),https://ca.milesplit.com/teams/17721-south-hills-ss,328,13+52+82+83+98  (100+120),3:10 1-5 Split | 20:08 Avg
484089,https://ca.milesplit.com/meets/228891-mt-sac-xc-invitational-2016/results/484089/formatted/,15,Brea Olinda (SS),https://ca.milesplit.com/teams/12156-brea-olinda-ss,332,15+21+61+102+133,5:42 1-5 Split | 20:29 Avg
484089,https://ca.milesplit.com/meets/228891-mt-sac-xc-invitational-2016/results/484089/formatted/,16,Saddleback (SS),https://ca.milesplit.com/teams/17616-saddleback-ss,417,30+75+86+107+119  (129+135),3:39 1-5 Split | 20:56 Avg
484089,https://ca.milesplit.com/meets/228891-mt-sac-xc-invitational-2016/results/484089/formatted/,17,West Valley (SS),https://ca.milesplit.com/teams/17887-west-valley-ss,436,54+56+95+104+127  (137),3:37 1-5 Split | 21:06 Avg
484089,https://ca.milesplit.com/meets/228891-mt-sac-xc-invitational-2016/results/484089/formatted/,18,Gahr (Richard) (SS),https://ca.milesplit.com/teams/15890-gahr-richard-ss,447,19+97+99+108+124  (126+128),4:16 1-5 Split | 21:10 Avg
484089,https://ca.milesplit.com/meets/228891-mt-sac-xc-invitational-2016/results/484089/formatted/,19,Temple City (SS),https://ca.milesplit.com/teams/17781-temple-city-ss,449,41+78+93+103+134,4:46 1-5 Split | 21:21 Avg
484089,https://ca.milesplit.com/meets/228891-mt-sac-xc-invitational-2016/results/484089/formatted/,20,Wilson (Glen A.) - Hacienda Heights (SS),https://ca.milesplit.com/teams/17912-wilson-glen-a-hacienda-heights-ss,496,73+96+105+109+113  (130+131),1:43 1-5 Split | 21:25 Avg
484089,https://ca.milesplit.com/meets/228891-mt-sac-xc-invitational-2016/results/484089/formatted/,21,Diamond Ranch (SS),https://ca.milesplit.com/teams/15855-diamond-ranch-ss,583,74+117+122+132+138  (140+142),4:51 1-5 Split | 22:58 Avg
484089,https://ca.milesplit.com/meets/228891-mt-sac-xc-invitational-2016/results/484089/formatted/,22,Garces Memorial (CS),https://ca.milesplit.com/teams/17054-garces-memorial-cs,626,111+112+121+139+143  (144),4:32 1-5 Split | 23:42 Avg
488189,https://ca.milesplit.com/meets/256868-small-schools-championships-2016/results/488189/formatted/,1,Mt. Shasta (NS),https://ca.milesplit.com/teams/17392-mt-shasta-ns,20,1+2+3+4+10,2:32 1-5 Split | 18:24 Avg
488189,https://ca.milesplit.com/meets/256868-small-schools-championships-2016/results/488189/formatted/,2,Providence Christian (NS),https://ca.milesplit.com/teams/16424-providence-christian-ns,45,5+6+8+12+14,2:03 1-5 Split | 19:58 Avg
488189,https://ca.milesplit.com/meets/256868-small-schools-championships-2016/results/488189/formatted/,3,Durham (NS),https://ca.milesplit.com/teams/16957-durham-ns,55,7+9+11+13+15  (16+17),2:26 1-5 Split | 20:31 Avg
488189,https://ca.milesplit.com/meets/256868-small-schools-championships-2016/results/488189/formatted/,1,Trinity (NS),https://ca.milesplit.com/teams/17803-trinity-ns,26,1+2+5+6+12  (15),5:13 1-5 Split | 22:23 Avg
488189,https://ca.milesplit.com/meets/256868-small-schools-championships-2016/results/488189/formatted/,2,Durham (NS),https://ca.milesplit.com/teams/16957-durham-ns,44,4+7+8+9+16,5:19 1-5 Split | 24:14 Avg
488189,https://ca.milesplit.com/meets/256868-small-schools-championships-2016/results/488189/formatted/,3,Mt. Shasta (NS),https://ca.milesplit.com/teams/17392-mt-shasta-ns,51,3+10+11+13+14,4:21 1-5 Split | 24:26 Avg
489166,https://ca.milesplit.com/meets/257056-eastern-athletic-league-finals-2016/results/489166/formatted/,1,Bell (LA),https://ca.milesplit.com/teams/16731-bell-la,15,1+2+3+4+5  (6+7),1:17 1-5 Split | 18:49 Avg
489166,https://ca.milesplit.com/meets/257056-eastern-athletic-league-finals-2016/results/489166/formatted/,2,Huntington Park (LA),https://ca.milesplit.com/teams/17144-huntington-park-la,69,10+13+14+15+17  (19+23),1:52 1-5 Split | 24:15 Avg
489166,https://ca.milesplit.com/meets/257056-eastern-athletic-league-finals-2016/results/489166/formatted/,3,Jordan (LA),https://ca.milesplit.com/teams/17175-jordan-la,78,8+9+12+24+25,7:48 1-5 Split | 25:46 Avg
489166,https://ca.milesplit.com/meets/257056-eastern-athletic-league-finals-2016/results/489166/formatted/,4,South East (LA),https://ca.milesplit.com/teams/17715-south-east-la,86,11+16+18+20+21  (22+26),2:47 1-5 Split | 25:02 Avg
484581,https://ca.milesplit.com/meets/228891-mt-sac-xc-invitational-2016/results/484581/formatted/,1,Steele Canyon (SD),https://ca.milesplit.com/teams/15892-steele-canyon-sd,74,3+5+10+26+30  (33),1:15 1-5 Split | 16:10 Avg
484581,https://ca.milesplit.com/meets/228891-mt-sac-xc-invitational-2016/results/484581/formatted/,2,San Marcos (SS),https://ca.milesplit.com/teams/14794-san-marcos-ss,84,2+6+21+24+31  (38),1:16 1-5 Split | 16:13 Avg
484581,https://ca.milesplit.com/meets/228891-mt-sac-xc-invitational-2016/results/484581/formatted/,3,Valencia (SS),https://ca.milesplit.com/teams/14604-valencia-ss,103,8+17+18+28+32  (47),0:48 1-5 Split | 16:24 Avg
484581,https://ca.milesplit.com/meets/228891-mt-sac-xc-invitational-2016/results/484581/formatted/,4,Quartz Hill (SS),https://ca.milesplit.com/teams/17551-quartz-hill-ss,109,1+14+25+27+42  (48),1:34 1-5 Split | 16:23 Avg
484581,https://ca.milesplit.com/meets/228891-mt-sac-xc-invitational-2016/results/484581/formatted/,5,Rancho Verde (SS),https://ca.milesplit.com/teams/15848-rancho-verde-ss,115,4+11+16+39+45,1:14 1-5 Split | 16:27 Avg
484581,https://ca.milesplit.com/meets/228891-mt-sac-xc-invitational-2016/results/484581/formatted/,6,El Rancho (SS),https://ca.milesplit.com/teams/12182-el-rancho-ss,132,7+13+35+36+41  (49),1:08 1-5 Split | 16:33 Avg
484581,https://ca.milesplit.com/meets/228891-mt-sac-xc-invitational-2016/results/484581/formatted/,7,Torrey Pines (SD),https://ca.milesplit.com/teams/15866-torrey-pines-sd,142,9+15+34+40+44,0:57 1-5 Split | 16:37 Avg
484581,https://ca.milesplit.com/meets/228891-mt-sac-xc-invitational-2016/results/484581/formatted/,8,Godinez (SS),https://ca.milesplit.com/teams/17066-godinez-ss,151,19+23+29+37+43  (50),0:38 1-5 Split | 16:44 Avg
484581,https://ca.milesplit.com/meets/228891-mt-sac-xc-invitational-2016/results/484581/formatted/,9,Chino Hills (SS),https://ca.milesplit.com/teams/12164-chino-hills-ss,151,12+20+22+46+51,0:59 1-5 Split | 16:40 Avg
488398,https://ca.milesplit.com/meets/256917-mtal-championships-2016/results/488398/formatted/,1,Greenfield (CC),https://ca.milesplit.com/teams/17084-greenfield-cc,54,6+7+9+15+17  (21+24),0:29 1-5 Split | 16:57 Avg
488398,https://ca.milesplit.com/meets/256917-mtal-championships-2016/results/488398/formatted/,2,Pacific Grove (CC),https://ca.milesplit.com/teams/17477-pacific-grove-cc,61,3+4+11+16+27  (36+37),1:02 1-5 Split | 16:59 Avg
488398,https://ca.milesplit.com/meets/256917-mtal-championships-2016/results/488398/formatted/,3,King City (CC),https://ca.milesplit.com/teams/17197-king-city-cc,83,1+5+22+25+30  (58+82),1:43 1-5 Split | 17:09 Avg
488398,https://ca.milesplit.com/meets/256917-mtal-championships-2016/results/488398/formatted/,4,Carmel (CC),https://ca.milesplit.com/teams/16831-carmel-cc,92,2+8+23+28+31  (39+43),1:33 1-5 Split | 17:16 Avg
488398,https://ca.milesplit.com/meets/256917-mtal-championships-2016/results/488398/formatted/,5,York School (The) (CC),https://ca.milesplit.com/teams/17792-york-school-the-cc,115,14+18+20+29+34  (53+64),1:07 1-5 Split | 17:30 Avg
488398,https://ca.milesplit.com/meets/256917-mtal-championships-2016/results/488398/formatted/,6,Marina (CC),https://ca.milesplit.com/teams/18119-marina-cc,195,19+26+45+51+54  (61+74),1:54 1-5 Split | 18:22 Avg
488398,https://ca.milesplit.com/meets/256917-mtal-championships-2016/results/488398/formatted/,7,Soledad (CC),https://ca.milesplit.com/teams/17705-soledad-cc,197,12+13+48+56+68  (70+71),2:36 1-5 Split | 18:23 Avg
488398,https://ca.milesplit.com/meets/256917-mtal-championships-2016/results/488398/formatted/,8,Gonzales (CC),https://ca.milesplit.com/teams/17074-gonzales-cc,217,32+33+40+55+57  (59+65),1:05 1-5 Split | 18:39 Avg
488398,https://ca.milesplit.com/meets/256917-mtal-championships-2016/results/488398/formatted/,9,Robert Louis Stevenson (CC),https://ca.milesplit.com/teams/19528-robert-louis-stevenson-cc,233,35+42+44+46+66  (67+73),1:14 1-5 Split | 18:47 Avg
488398,https://ca.milesplit.com/meets/256917-mtal-championships-2016/results/488398/formatted/,10,Pacific Collegiate (CC),https://ca.milesplit.com/teams/17476-pacific-collegiate-cc,260,38+41+52+60+69  (76+81),1:08 1-5 Split | 19:03 Avg
488398,https://ca.milesplit.com/meets/256917-mtal-championships-2016/results/488398/formatted/,11,Anzar (Aromas-San Juan) (CC),https://ca.milesplit.com/teams/16688-anzar-aromas-san-juan-cc,272,10+47+63+75+77  (78+83),3:16 1-5 Split | 19:09 Avg
488398,https://ca.milesplit.com/meets/256917-mtal-championships-2016/results/488398/formatted/,12,Oakwood (CC),https://ca.milesplit.com/teams/17980-oakwood-cc,342,49+62+72+79+80  (85+88),1:40 1-5 Split | 19:55 Avg
488398,https://ca.milesplit.com/meets/256917-mtal-championships-2016/results/488398/formatted/,13,Trinity Christian (CC),https://ca.milesplit.com/teams/31438-trinity-christian-cc,396,50+84+86+87+89  (90+91),6:25 1-5 Split | 22:37 Avg
488398,https://ca.milesplit.com/meets/256917-mtal-championships-2016/results/488398/formatted/,1,Pacific Grove (CC),https://ca.milesplit.com/teams/17477-pacific-grove-cc,47,4+5+11+13+14  (30+44),1:29 1-5 Split | 21:18 Avg
488398,https://ca.milesplit.com/meets/256917-mtal-championships-2016/results/488398/formatted/,2,Carmel (CC),https://ca.milesplit.com/teams/16831-carmel-cc,61,6+8+12+17+18  (21+29),1:50 1-5 Split | 21:42 Avg
488398,https://ca.milesplit.com/meets/256917-mtal-championships-2016/results/488398/formatted/,3,Greenfield (CC),https://ca.milesplit.com/teams/17084-greenfield-cc,73,2+9+19+20+23  (31+50),2:58 1-5 Split | 21:54 Avg
488398,https://ca.milesplit.com/meets/256917-mtal-championships-2016/results/488398/formatted/,4,Pacific Collegiate (CC),https://ca.milesplit.com/teams/17476-pacific-collegiate-cc,80,1+3+10+28+38  (70),6:01 1-5 Split | 21:36 Avg
488398,https://ca.milesplit.com/meets/256917-mtal-championships-2016/results/488398/formatted/,5,Soledad (CC),https://ca.milesplit.com/teams/17705-soledad-cc,127,15+16+22+34+40  (48+51),2:43 1-5 Split | 23:07 Avg
488398,https://ca.milesplit.com/meets/256917-mtal-championships-2016/results/488398/formatted/,6,King City (CC),https://ca.milesplit.com/teams/17197-king-city-cc,134,24+25+26+27+32  (35+41),0:43 1-5 Split | 23:15 Avg
488398,https://ca.milesplit.com/meets/256917-mtal-championships-2016/results/488398/formatted/,7,Santa Catalina School (CC),https://ca.milesplit.com/teams/17657-santa-catalina-school-cc,194,7+39+45+46+57  (60+63),5:28 1-5 Split | 24:32 Avg
488398,https://ca.milesplit.com/meets/256917-mtal-championships-2016/results/488398/formatted/,8,Marina (CC),https://ca.milesplit.com/teams/18119-marina-cc,224,33+42+47+49+53  (54+59),2:09 1-5 Split | 25:15 Avg
488398,https://ca.milesplit.com/meets/256917-mtal-championships-2016/results/488398/formatted/,9,Robert Louis Stevenson (CC),https://ca.milesplit.com/teams/19528-robert-louis-stevenson-cc,277,43+55+56+61+62  (65+71),2:50 1-5 Split | 26:30 Avg
488398,https://ca.milesplit.com/meets/256917-mtal-championships-2016/results/488398/formatted/,10,Oakwood (CC),https://ca.milesplit.com/teams/17980-oakwood-cc,293,37+52+67+68+69  (72+75),4:57 1-5 Split | 27:34 Avg
488398,https://ca.milesplit.com/meets/256917-mtal-championships-2016/results/488398/formatted/,11,Gonzales (CC),https://ca.milesplit.com/teams/17074-gonzales-cc,297,36+58+64+66+73  (74),6:48 1-5 Split | 27:42 Avg
477092,https://ca.milesplit.com/meets/254079-sea-view-league-preview-2016/results/477092/formatted/,1,San Clemente (SS),https://ca.milesplit.com/teams/12165-san-clemente-ss,21,1+2+3+6+9  (10+13),1:15 1-5 Split | 20:24 Avg
477092,https://ca.milesplit.com/meets/254079-sea-view-league-preview-2016/results/477092/formatted/,2,El Toro (SS),https://ca.milesplit.com/teams/16158-el-toro-ss,46,4+5+8+12+17  (27+28),1:28 1-5 Split | 21:06 Avg
477092,https://ca.milesplit.com/meets/254079-sea-view-league-preview-2016/results/477092/formatted/,3,Aliso Niguel (SS),https://ca.milesplit.com/teams/16395-aliso-niguel-ss,86,14+15+18+19+20  (21+22),0:37 1-5 Split | 21:57 Avg
477092,https://ca.milesplit.com/meets/254079-sea-view-league-preview-2016/results/477092/formatted/,4,Laguna Hills (SS),https://ca.milesplit.com/teams/17218-laguna-hills-ss,100,7+11+25+26+31  (34+35),3:51 1-5 Split | 22:47 Avg
477092,https://ca.milesplit.com/meets/254079-sea-view-league-preview-2016/results/477092/formatted/,5,San Juan Hills (SS),https://ca.milesplit.com/teams/17641-san-juan-hills-ss,122,16+23+24+29+30  (32+33),2:32 1-5 Split | 23:22 Avg
488485,https://ca.milesplit.com/meets/256933-southwestern-league-championship-2016/results/488485/formatted/,1,Great Oak (SS),https://ca.milesplit.com/teams/15857-great-oak-ss,15,1+2+3+4+5  (6+7),0:23 1-5 Split | 16:42 Avg
488485,https://ca.milesplit.com/meets/256933-southwestern-league-championship-2016/results/488485/formatted/,2,Vista Murrieta (SS),https://ca.milesplit.com/teams/16185-vista-murrieta-ss,66,8+11+14+16+17  (18+34),0:46 1-5 Split | 17:53 Avg
488485,https://ca.milesplit.com/meets/256933-southwestern-league-championship-2016/results/488485/formatted/,3,Chaparral (SS),https://ca.milesplit.com/teams/14623-chaparral-ss,85,9+10+20+21+25  (29+35),0:59 1-5 Split | 18:02 Avg
488485,https://ca.milesplit.com/meets/256933-southwestern-league-championship-2016/results/488485/formatted/,4,Murrieta Valley (SS),https://ca.milesplit.com/teams/17397-murrieta-valley-ss,105,13+19+23+24+26  (28+30),0:31 1-5 Split | 18:17 Avg
488485,https://ca.milesplit.com/meets/256933-southwestern-league-championship-2016/results/488485/formatted/,5,Murrieta Mesa (SS),https://ca.milesplit.com/teams/26346-murrieta-mesa-ss,107,12+15+22+27+31  (32+33),0:52 1-5 Split | 18:20 Avg
488485,https://ca.milesplit.com/meets/256933-southwestern-league-championship-2016/results/488485/formatted/,6,Temecula Valley (SS),https://ca.milesplit.com/teams/17780-temecula-valley-ss,190,36+37+38+39+40  (41+42),1:22 1-5 Split | 21:33 Avg
479409,https://ca.milesplit.com/meets/254695-swyl-mini-meet-2-2016/results/479409/formatted/,1,Bakersfield (CS),https://ca.milesplit.com/teams/17988-bakersfield-cs,28,1+3+5+6+13  (19+22),1:30 1-5 Split | 19:04 Avg
479409,https://ca.milesplit.com/meets/254695-swyl-mini-meet-2-2016/results/479409/formatted/,2,Frontier (CS),https://ca.milesplit.com/teams/17046-frontier-cs,40,2+4+7+10+17  (27+31),1:27 1-5 Split | 19:18 Avg
479409,https://ca.milesplit.com/meets/254695-swyl-mini-meet-2-2016/results/479409/formatted/,3,Liberty - Bakersfield (CS),https://ca.milesplit.com/teams/17240-liberty-bakersfield-cs,91,11+15+16+24+25  (29+32),1:40 1-5 Split | 20:27 Avg
479409,https://ca.milesplit.com/meets/254695-swyl-mini-meet-2-2016/results/479409/formatted/,4,Stockdale (CS),https://ca.milesplit.com/teams/16140-stockdale-cs,93,12+14+20+21+26  (28+34),1:37 1-5 Split | 20:28 Avg
479409,https://ca.milesplit.com/meets/254695-swyl-mini-meet-2-2016/results/479409/formatted/,5,Centennial (CS),https://ca.milesplit.com/teams/16844-centennial-cs,98,8+9+18+30+33  (35+38),2:24 1-5 Split | 20:32 Avg
479409,https://ca.milesplit.com/meets/254695-swyl-mini-meet-2-2016/results/479409/formatted/,6,Garces Memorial (CS),https://ca.milesplit.com/teams/17054-garces-memorial-cs,175,23+36+37+39+40  (41),6:21 1-5 Split | 24:12 Avg
461861,https://ca.milesplit.com/meets/248303-jaguar-invitational-2016/results/461861/formatted/,1,Granada (NC),https://ca.milesplit.com/teams/17077-granada-nc,36,1+3+6+12+14,1:24 1-5 Split | 17:08 Avg
461861,https://ca.milesplit.com/meets/248303-jaguar-invitational-2016/results/461861/formatted/,2,East Union (SJ),https://ca.milesplit.com/teams/16964-east-union-sj,72,9+10+11+18+24  (26+29),1:43 1-5 Split | 18:00 Avg
461861,https://ca.milesplit.com/meets/248303-jaguar-invitational-2016/results/461861/formatted/,3,Lincoln - Stockton (SJ),https://ca.milesplit.com/teams/17246-lincoln-stockton-sj,87,5+13+15+20+34  (39+42),3:33 1-5 Split | 18:25 Avg
461861,https://ca.milesplit.com/meets/248303-jaguar-invitational-2016/results/461861/formatted/,4,Pitman (John H.) (SJ),https://ca.milesplit.com/teams/17171-pitman-john-h-sj,96,2+21+22+23+28  (30),2:30 1-5 Split | 18:31 Avg
461861,https://ca.milesplit.com/meets/248303-jaguar-invitational-2016/results/461861/formatted/,5,Lodi (SJ),https://ca.milesplit.com/teams/17259-lodi-sj,99,8+16+17+27+31  (37+43),2:33 1-5 Split | 18:37 Avg
461861,https://ca.milesplit.com/meets/248303-jaguar-invitational-2016/results/461861/formatted/,6,Oakdale (SJ),https://ca.milesplit.com/teams/17448-oakdale-sj,134,4+19+32+38+41  (44+45),4:56 1-5 Split | 19:41 Avg
461861,https://ca.milesplit.com/meets/248303-jaguar-invitational-2016/results/461861/formatted/,7,Tokay (SJ),https://ca.milesplit.com/teams/17795-tokay-sj,136,7+25+33+35+36  (40),3:46 1-5 Split | 19:46 Avg
489226,https://ca.milesplit.com/meets/257085-granite-hills-el-cajon-2016/results/489226/formatted/,1,Granite Hills (SD),https://ca.milesplit.com/teams/17080-granite-hills-sd,15,1+2+3+4+5  (6+7),0:43 1-5 Split | 13:47 Avg
479904,https://ca.milesplit.com/meets/254866-pacific-view-league-meet-2-2016/results/479904/formatted/,1,Channel Islands (SS),https://ca.milesplit.com/teams/16861-channel-islands-ss,20,1+2+4+5+8  (10+12),0:32 1-5 Split | 17:44 Avg
479904,https://ca.milesplit.com/meets/254866-pacific-view-league-meet-2-2016/results/479904/formatted/,2,Hueneme (SS),https://ca.milesplit.com/teams/14619-hueneme-ss,38,3+6+7+9+13  (14+24),0:34 1-5 Split | 17:59 Avg
479904,https://ca.milesplit.com/meets/254866-pacific-view-league-meet-2-2016/results/479904/formatted/,3,Rio Mesa (SS),https://ca.milesplit.com/teams/15876-rio-mesa-ss,80,11+15+17+18+19  (23+26),0:47 1-5 Split | 18:41 Avg
479904,https://ca.milesplit.com/meets/254866-pacific-view-league-meet-2-2016/results/479904/formatted/,4,Pacifica - Oxnard (SS),https://ca.milesplit.com/teams/17485-pacifica-oxnard-ss,104,16+20+21+22+25  (27+29),0:54 1-5 Split | 19:06 Avg
479904,https://ca.milesplit.com/meets/254866-pacific-view-league-meet-2-2016/results/479904/formatted/,5,Oxnard (SS),https://ca.milesplit.com/teams/17475-oxnard-ss,154,28+30+31+32+33  (34+35),1:27 1-5 Split | 20:26 Avg
480680,https://ca.milesplit.com/meets/255111-mission-and-sunshine-league-meet-2-2016/results/480680/formatted/,1,Immaculate Heart (SS),https://ca.milesplit.com/teams/17146-immaculate-heart-ss,38,1+3+6+13+15  (23+25),2:29 1-5 Split | 22:44 Avg
480680,https://ca.milesplit.com/meets/255111-mission-and-sunshine-league-meet-2-2016/results/480680/formatted/,2,Flintridge Sacred Heart (SS),https://ca.milesplit.com/teams/17018-flintridge-sacred-heart-ss,46,2+7+10+11+16  (17+18),2:05 1-5 Split | 23:03 Avg
480680,https://ca.milesplit.com/meets/255111-mission-and-sunshine-league-meet-2-2016/results/480680/formatted/,3,Marymount (SS),https://ca.milesplit.com/teams/17309-marymount-ss,61,4+5+12+19+21  (22+24),2:24 1-5 Split | 23:25 Avg
480680,https://ca.milesplit.com/meets/255111-mission-and-sunshine-league-meet-2-2016/results/480680/formatted/,4,Notre Dame - Sherman Oaks (SS),https://ca.milesplit.com/teams/17441-notre-dame-sherman-oaks-ss,77,8+9+14+20+26  (27+28),3:14 1-5 Split | 23:59 Avg
462641,https://ca.milesplit.com/meets/248226-taft-black-gold-rush-2016/results/462641/formatted/,1,South Bakersfield (CS),https://ca.milesplit.com/teams/17719-south-bakersfield-cs,31,1+2+5+10+13  (20+22),1:20 1-5 Split | 17:36 Avg
462641,https://ca.milesplit.com/meets/248226-taft-black-gold-rush-2016/results/462641/formatted/,2,Wasco (CS),https://ca.milesplit.com/teams/17865-wasco-cs,35,3+4+7+9+12  (14+15),1:12 1-5 Split | 17:45 Avg
462641,https://ca.milesplit.com/meets/248226-taft-black-gold-rush-2016/results/462641/formatted/,3,Tehachapi (CS),https://ca.milesplit.com/teams/17778-tehachapi-cs,94,11+17+18+19+29  (32+34),2:30 1-5 Split | 19:07 Avg
462641,https://ca.milesplit.com/meets/248226-taft-black-gold-rush-2016/results/462641/formatted/,4,Mira Monte Central Section,https://ca.milesplit.com/teams/27285-mira-monte-central-section,100,6+16+25+26+27  (28+37),2:50 1-5 Split | 19:17 Avg
462641,https://ca.milesplit.com/meets/248226-taft-black-gold-rush-2016/results/462641/formatted/,5,Taft (CS),https://ca.milesplit.com/teams/14798-taft-cs,107,8+21+23+24+31,2:53 1-5 Split | 19:34 Avg
462641,https://ca.milesplit.com/meets/248226-taft-black-gold-rush-2016/results/462641/formatted/,6,Heritage Oak School (CS),https://ca.milesplit.com/teams/40687-heritage-oak-school-cs,172,30+33+35+36+38,3:21 1-5 Split | 22:27 Avg
489629,https://ca.milesplit.com/meets/248288-cif-sac-joaquin-section-meet-finals-2016/results/489629/formatted/,1,Capital Christian (SJ),https://ca.milesplit.com/teams/16826-capital-christian-sj,38,1+6+9+10+12  (15+24),1:14 1-5 Split | 18:10 Avg
489629,https://ca.milesplit.com/meets/248288-cif-sac-joaquin-section-meet-finals-2016/results/489629/formatted/,2,Foresthill (SJ),https://ca.milesplit.com/teams/17028-foresthill-sj,51,3+7+8+16+17  (34+50),1:39 1-5 Split | 18:32 Avg
489629,https://ca.milesplit.com/meets/248288-cif-sac-joaquin-section-meet-finals-2016/results/489629/formatted/,3,Vacaville Christian Academy (SJ),https://ca.milesplit.com/teams/17824-vacaville-christian-academy-sj,115,13+20+23+28+31  (38+54),1:36 1-5 Split | 19:38 Avg
489629,https://ca.milesplit.com/meets/248288-cif-sac-joaquin-section-meet-finals-2016/results/489629/formatted/,4,Central Catholic (SJ),https://ca.milesplit.com/teams/16848-central-catholic-sj,116,2+18+29+30+37  (44+60),3:14 1-5 Split | 19:34 Avg
489629,https://ca.milesplit.com/meets/248288-cif-sac-joaquin-section-meet-finals-2016/results/489629/formatted/,5,Golden Sierra (SJ),https://ca.milesplit.com/teams/17067-golden-sierra-sj,119,5+21+26+32+35  (36),2:24 1-5 Split | 19:37 Avg
489629,https://ca.milesplit.com/meets/248288-cif-sac-joaquin-section-meet-finals-2016/results/489629/formatted/,6,Argonaut (SJ),https://ca.milesplit.com/teams/16697-argonaut-sj,168,4+14+40+51+59  (61),6:00 1-5 Split | 20:48 Avg
489629,https://ca.milesplit.com/meets/248288-cif-sac-joaquin-section-meet-finals-2016/results/489629/formatted/,7,Western Sierra Collegiate Academy (SJ),https://ca.milesplit.com/teams/27069-western-sierra-collegiate-academy-sj,196,27+33+43+45+48  (52+58),2:20 1-5 Split | 21:11 Avg
489629,https://ca.milesplit.com/meets/248288-cif-sac-joaquin-section-meet-finals-2016/results/489629/formatted/,8,Woodland Christian (SJ),https://ca.milesplit.com/teams/17954-woodland-christian-sj,202,19+41+46+47+49  (62),2:53 1-5 Split | 21:24 Avg
489629,https://ca.milesplit.com/meets/248288-cif-sac-joaquin-section-meet-finals-2016/results/489629/formatted/,9,Sacramento Waldorf (SJ),https://ca.milesplit.com/teams/17612-sacramento-waldorf-sj,211,11+39+42+55+64  (65+66),8:29 1-5 Split | 22:08 Avg
489629,https://ca.milesplit.com/meets/248288-cif-sac-joaquin-section-meet-finals-2016/results/489629/formatted/,10,Waterford (SJ),https://ca.milesplit.com/teams/17871-waterford-sj,213,22+25+53+56+57  (63+67),3:37 1-5 Split | 21:42 Avg
470819,https://ca.milesplit.com/meets/252901-sdl-center-meet-1-2016/results/470819/formatted/,1,Vacaville Christian Academy (SJ),https://ca.milesplit.com/teams/17824-vacaville-christian-academy-sj,15,1+2+3+4+5,8:10 1-5 Split | 27:06 Avg
472306,https://ca.milesplit.com/meets/248249-south-bay-invitational-2016/results/472306/formatted/,1,Otay Ranch (SD),https://ca.milesplit.com/teams/12176-otay-ranch-sd,62,3+6+7+20+26  (48+57),1:04 1-5 Split | 16:40 Avg
472306,https://ca.milesplit.com/meets/248249-south-bay-invitational-2016/results/472306/formatted/,2,Olympian (SD),https://ca.milesplit.com/teams/17458-olympian-sd,121,5+15+17+40+44  (74+78),1:25 1-5 Split | 17:09 Avg
472306,https://ca.milesplit.com/meets/248249-south-bay-invitational-2016/results/472306/formatted/,3,San Pasqual (SD),https://ca.milesplit.com/teams/17649-san-pasqual-sd,136,1+9+11+16+99  (104),2:56 1-5 Split | 17:04 Avg
472306,https://ca.milesplit.com/meets/248249-south-bay-invitational-2016/results/472306/formatted/,4,Valley Center (SD),https://ca.milesplit.com/teams/17829-valley-center-sd,168,13+14+18+43+80  (92),1:41 1-5 Split | 17:26 Avg
472306,https://ca.milesplit.com/meets/248249-south-bay-invitational-2016/results/472306/formatted/,5,Grossmont (SD),https://ca.milesplit.com/teams/17087-grossmont-sd,179,23+31+38+41+46  (62),0:35 1-5 Split | 17:35 Avg
472306,https://ca.milesplit.com/meets/248249-south-bay-invitational-2016/results/472306/formatted/,6,West Hills (SD),https://ca.milesplit.com/teams/17881-west-hills-sd,188,21+30+34+36+67  (73+82),1:07 1-5 Split | 17:38 Avg
472306,https://ca.milesplit.com/meets/248249-south-bay-invitational-2016/results/472306/formatted/,7,El Capitan (SD),https://ca.milesplit.com/teams/16976-el-capitan-sd,207,4+35+37+56+75  (76+100),2:13 1-5 Split | 17:37 Avg
472306,https://ca.milesplit.com/meets/248249-south-bay-invitational-2016/results/472306/formatted/,8,Santana (SD),https://ca.milesplit.com/teams/17970-santana-sd,220,27+33+39+52+69  (86+101),0:57 1-5 Split | 17:47 Avg
472306,https://ca.milesplit.com/meets/248249-south-bay-invitational-2016/results/472306/formatted/,9,San Diego High School (SD),https://ca.milesplit.com/teams/18399-san-diego-high-school-sd,251,22+29+42+77+81  (97+175),1:23 1-5 Split | 17:54 Avg
472306,https://ca.milesplit.com/meets/248249-south-bay-invitational-2016/results/472306/formatted/,10,Rancho Buena Vista (SD),https://ca.milesplit.com/teams/14629-rancho-buena-vista-sd,254,2+12+28+91+121  (133+148),3:32 1-5 Split | 17:46 Avg
472306,https://ca.milesplit.com/meets/248249-south-bay-invitational-2016/results/472306/formatted/,11,Chula Vista (SD),https://ca.milesplit.com/teams/16871-chula-vista-sd,256,25+49+55+59+68  (72+89),1:04 1-5 Split | 17:58 Avg
472306,https://ca.milesplit.com/meets/248249-south-bay-invitational-2016/results/472306/formatted/,12,Francis Parker (SD),https://ca.milesplit.com/teams/17502-francis-parker-sd,263,32+45+58+63+65  (122+136),0:45 1-5 Split | 18:00 Avg
472306,https://ca.milesplit.com/meets/248249-south-bay-invitational-2016/results/472306/formatted/,13,Point Loma (SD),https://ca.milesplit.com/teams/17535-point-loma-sd,283,10+19+70+88+96  (156),2:14 1-5 Split | 17:59 Avg
472306,https://ca.milesplit.com/meets/248249-south-bay-invitational-2016/results/472306/formatted/,14,San Ysidro (SD),https://ca.milesplit.com/teams/17652-san-ysidro-sd,325,24+47+66+90+98  (124+128),1:43 1-5 Split | 18:14 Avg
472306,https://ca.milesplit.com/meets/248249-south-bay-invitational-2016/results/472306/formatted/,15,Southwest - San Diego (SD),https://ca.milesplit.com/teams/17728-southwest-san-diego-sd,380,8+71+83+106+112  (113+115),2:56 1-5 Split | 18:25 Avg
472306,https://ca.milesplit.com/meets/248249-south-bay-invitational-2016/results/472306/formatted/,16,St. Augustine (SD),https://ca.milesplit.com/teams/17732-st-augustine-sd,384,54+61+64+94+111  (116+125),1:14 1-5 Split | 18:33 Avg
472306,https://ca.milesplit.com/meets/248249-south-bay-invitational-2016/results/472306/formatted/,17,Granite Hills (SD),https://ca.milesplit.com/teams/17080-granite-hills-sd,457,60+85+87+108+117  (132+152),1:19 1-5 Split | 18:53 Avg
472306,https://ca.milesplit.com/meets/248249-south-bay-invitational-2016/results/472306/formatted/,18,Mission Bay (SD),https://ca.milesplit.com/teams/16159-mission-bay-sd,486,51+95+103+118+119  (137+154),1:37 1-5 Split | 19:01 Avg
472306,https://ca.milesplit.com/meets/248249-south-bay-invitational-2016/results/472306/formatted/,19,Sweetwater (SD),https://ca.milesplit.com/teams/17771-sweetwater-sd,505,50+102+110+120+123  (131+157),1:44 1-5 Split | 19:07 Avg
472306,https://ca.milesplit.com/meets/248249-south-bay-invitational-2016/results/472306/formatted/,20,Mater Dei Catholic (SD),https://ca.milesplit.com/teams/14682-mater-dei-catholic-sd,539,53+79+126+139+142  (143),2:28 1-5 Split | 19:25 Avg
472306,https://ca.milesplit.com/meets/248249-south-bay-invitational-2016/results/472306/formatted/,21,Oceanside (SD),https://ca.milesplit.com/teams/17455-oceanside-sd,571,84+93+107+138+149  (153),2:02 1-5 Split | 19:34 Avg
472306,https://ca.milesplit.com/meets/248249-south-bay-invitational-2016/results/472306/formatted/,22,Clairemont (SD),https://ca.milesplit.com/teams/16874-clairemont-sd,604,105+109+114+130+146  (160+172),1:31 1-5 Split | 19:42 Avg
472306,https://ca.milesplit.com/meets/248249-south-bay-invitational-2016/results/472306/formatted/,23,Mar Vista (SD),https://ca.milesplit.com/teams/17292-mar-vista-sd,734,135+140+141+155+163  (167),1:50 1-5 Split | 20:48 Avg
472306,https://ca.milesplit.com/meets/248249-south-bay-invitational-2016/results/472306/formatted/,24,Hilltop (SD),https://ca.milesplit.com/teams/17128-hilltop-sd,764,129+145+151+169+170  (179),2:57 1-5 Split | 21:26 Avg
472306,https://ca.milesplit.com/meets/248249-south-bay-invitational-2016/results/472306/formatted/,25,O'Farrell Community (SD),https://ca.milesplit.com/teams/39368-ofarrell-community-sd,771,134+144+162+165+166  (173+174),2:21 1-5 Split | 21:31 Avg
472306,https://ca.milesplit.com/meets/248249-south-bay-invitational-2016/results/472306/formatted/,26,Santa Fe Christian (SD),https://ca.milesplit.com/teams/17662-santa-fe-christian-sd,789,147+158+159+161+164  (168+171),1:31 1-5 Split | 21:26 Avg
472306,https://ca.milesplit.com/meets/248249-south-bay-invitational-2016/results/472306/formatted/,27,Castle Park (SD),https://ca.milesplit.com/teams/16838-castle-park-sd,808,127+150+176+177+178,4:57 1-5 Split | 22:51 Avg
485618,https://ca.milesplit.com/meets/256069-sjaa-center-meet-3-2016/results/485618/formatted/,1,Bear Creek (SJ),https://ca.milesplit.com/teams/16724-bear-creek-sj,38,2+5+6+12+13  (14+15),2:11 1-5 Split | 18:13 Avg
485618,https://ca.milesplit.com/meets/256069-sjaa-center-meet-3-2016/results/485618/formatted/,2,Stagg (SJ),https://ca.milesplit.com/teams/17755-stagg-sj,61,3+8+11+16+23  (31+32),3:02 1-5 Split | 18:44 Avg
485618,https://ca.milesplit.com/meets/256069-sjaa-center-meet-3-2016/results/485618/formatted/,3,Franklin (SJ),https://ca.milesplit.com/teams/17035-franklin-sj,66,1+7+18+19+21  (24+33),2:59 1-5 Split | 18:42 Avg
485618,https://ca.milesplit.com/meets/256069-sjaa-center-meet-3-2016/results/485618/formatted/,4,McNair (SJ),https://ca.milesplit.com/teams/17324-mcnair-sj,78,9+10+17+20+22  (26+27),1:32 1-5 Split | 19:11 Avg
485618,https://ca.milesplit.com/meets/256069-sjaa-center-meet-3-2016/results/485618/formatted/,5,Chavez (Cesar) (SJ),https://ca.milesplit.com/teams/16132-chavez-cesar-sj,116,4+25+28+29+30  (34+35),3:23 1-5 Split | 20:45 Avg
485618,https://ca.milesplit.com/meets/256069-sjaa-center-meet-3-2016/results/485618/formatted/,1,Bear Creek (SJ),https://ca.milesplit.com/teams/16724-bear-creek-sj,26,2+3+6+7+8  (9+14),1:47 1-5 Split | 23:17 Avg
485618,https://ca.milesplit.com/meets/256069-sjaa-center-meet-3-2016/results/485618/formatted/,2,McNair (SJ),https://ca.milesplit.com/teams/17324-mcnair-sj,42,1+4+10+11+16  (18),8:23 1-5 Split | 25:14 Avg
485618,https://ca.milesplit.com/meets/256069-sjaa-center-meet-3-2016/results/485618/formatted/,3,Edison (SJ),https://ca.milesplit.com/teams/16969-edison-sj,62,5+12+13+15+17,7:55 1-5 Split | 27:03 Avg
